{
    "model_id": "allenai/OLMo-7B-0724-hf",
    "data_name": "MathCONTA_test_full",
    "datetime": "2025-04-11T17:47:59.990050",
    "method_name": "ngram_cdd",
    "parameter": {
        "parameter1": 10,
        "parameter2": 0.3,
        "theta": "0.003333"
    },
    "metrics": {
        "accuracy": 0.5333333333333333,
        "accuracy_95CI": [
            0.3333333333333333,
            0.7
        ],
        "precision": 0.52,
        "recall": 0.8666666666666667,
        "f1_score": 0.65,
        "confusion_matrix": [
            [
                3,
                12
            ],
            [
                2,
                13
            ]
        ],
        "mcnemar_b": 3,
        "mcnemar_c": 2,
        "mcnemar_p_value": 1.0
    },
    "n_bootstrap": 1000,
    "seed": 42
}