{
    "model_id": "deepseek-ai/deepseek-math-7b-instruct",
    "data_name": "MathCONTA_test",
    "datetime": "2025-04-10T15:15:28.435526",
    "method_name": "CDD",
    "parameter": {
        "parameter1": 0.2,
        "theta": "0.08"
    },
    "metrics": {
        "accuracy": 0.43333333333333335,
        "accuracy_95CI": [
            0.26666666666666666,
            0.6333333333333333
        ],
        "precision": 0.4,
        "recall": 0.26666666666666666,
        "f1_score": 0.32,
        "confusion_matrix": [
            [
                9,
                6
            ],
            [
                11,
                4
            ]
        ],
        "mcnemar_b": 9,
        "mcnemar_c": 11,
        "mcnemar_p_value": 0.8238029479980469
    },
    "n_bootstrap": 1000,
    "seed": 42
}