{
    "model_id": "allenai/OLMo-2-1124-13B-Instruct",
    "data_name": "MathCONTA_test",
    "datetime": "2025-04-11T13:39:56.434730",
    "method_name": "CDD",
    "parameter": {
        "parameter1": 0.3,
        "parameter2": null,
        "theta": "0.01"
    },
    "metrics": {
        "accuracy": 0.43333333333333335,
        "accuracy_95CI": [
            0.26666666666666666,
            0.6333333333333333
        ],
        "precision": 0.375,
        "recall": 0.2,
        "f1_score": 0.2608695652173913,
        "confusion_matrix": [
            [
                10,
                5
            ],
            [
                12,
                3
            ]
        ],
        "mcnemar_b": 10,
        "mcnemar_c": 12,
        "mcnemar_p_value": 0.8318119049072266
    },
    "n_bootstrap": 1000,
    "seed": 42
}