{
    "model_id": "deepseek-ai/deepseek-math-7b-instruct",
    "data_name": "MathCONTA_test_full",
    "datetime": "2025-04-10T17:48:45.674692",
    "method_name": "ngram_loglike",
    "parameter": {
        "parameter1": 1,
        "theta": "-1.4"
    },
    "metrics": {
        "accuracy": 0.6,
        "accuracy_95CI": [
            0.43333333333333335,
            0.7666666666666667
        ],
        "precision": 0.5789473684210527,
        "recall": 0.7333333333333333,
        "f1_score": 0.6470588235294118,
        "confusion_matrix": [
            [
                7,
                8
            ],
            [
                4,
                11
            ]
        ],
        "mcnemar_b": 7,
        "mcnemar_c": 4,
        "mcnemar_p_value": 0.548828125
    },
    "n_bootstrap": 1000,
    "seed": 42
}