{
    "model_id": "deepseek-ai/deepseek-math-7b-instruct",
    "data_set": "MathCONTA_train_full",
    "datetime": "2025-04-10T17:43:57.609910",
    "method_name": "ngram_loglike",
    "parameter_range": {
        "n": "[1, 2, 3, 5, 7]",
        "theta": "optimized"
    },
    "CV_folds": 5,
    "CV_seed": 42,
    "best_log_entry": {
        "method": "ngram_loglike",
        "parameter": {
            "n": 1
        },
        "global_threshold": -1.395748,
        "median_threshold": -1.395748,
        "mean_cvacc_train": 0.685714,
        "mean_cvacc_test": 0.671429,
        "all_thresholds": [
            -1.396377,
            -1.395748,
            -1.395748,
            -1.395748,
            -1.347925
        ],
        "all_cvacc_train": [
            0.678571,
            0.660714,
            0.696429,
            0.75,
            0.642857
        ],
        "all_cvacc_test": [
            0.714286,
            0.785714,
            0.642857,
            0.428571,
            0.785714
        ]
    },
    "all_log_entries": [
        {
            "method": "ngram_loglike",
            "parameter": {
                "n": 1
            },
            "global_threshold": -1.395748,
            "median_threshold": -1.395748,
            "mean_cvacc_train": 0.685714,
            "mean_cvacc_test": 0.671429,
            "all_thresholds": [
                -1.396377,
                -1.395748,
                -1.395748,
                -1.395748,
                -1.347925
            ],
            "all_cvacc_train": [
                0.678571,
                0.660714,
                0.696429,
                0.75,
                0.642857
            ],
            "all_cvacc_test": [
                0.714286,
                0.785714,
                0.642857,
                0.428571,
                0.785714
            ]
        },
        {
            "method": "ngram_loglike",
            "parameter": {
                "n": 2
            },
            "global_threshold": -2.646468,
            "median_threshold": -2.646468,
            "mean_cvacc_train": 0.678571,
            "mean_cvacc_test": 0.585714,
            "all_thresholds": [
                -3.411633,
                -3.151064,
                -2.646468,
                -2.402484,
                -2.646468
            ],
            "all_cvacc_train": [
                0.642857,
                0.678571,
                0.732143,
                0.660714,
                0.678571
            ],
            "all_cvacc_test": [
                0.571429,
                0.571429,
                0.428571,
                0.714286,
                0.642857
            ]
        },
        {
            "method": "ngram_loglike",
            "parameter": {
                "n": 3
            },
            "global_threshold": -4.211438,
            "median_threshold": -4.222324,
            "mean_cvacc_train": 0.667857,
            "mean_cvacc_test": 0.557143,
            "all_thresholds": [
                -5.489344,
                -4.222324,
                -5.354155,
                -4.211438,
                -4.211438
            ],
            "all_cvacc_train": [
                0.660714,
                0.678571,
                0.678571,
                0.660714,
                0.660714
            ],
            "all_cvacc_test": [
                0.5,
                0.5,
                0.5,
                0.642857,
                0.642857
            ]
        },
        {
            "method": "ngram_loglike",
            "parameter": {
                "n": 5
            },
            "global_threshold": -6.626624,
            "median_threshold": -6.626624,
            "mean_cvacc_train": 0.692857,
            "mean_cvacc_test": 0.642857,
            "all_thresholds": [
                -6.528468,
                -7.536332,
                -6.626624,
                -6.626624,
                -6.626624
            ],
            "all_cvacc_train": [
                0.714286,
                0.696429,
                0.678571,
                0.678571,
                0.696429
            ],
            "all_cvacc_test": [
                0.571429,
                0.571429,
                0.714286,
                0.714286,
                0.642857
            ]
        },
        {
            "method": "ngram_loglike",
            "parameter": {
                "n": 7
            },
            "global_threshold": -8.512607,
            "median_threshold": -8.512607,
            "mean_cvacc_train": 0.657143,
            "mean_cvacc_test": 0.628571,
            "all_thresholds": [
                -9.212809,
                -8.477753,
                -8.512607,
                -8.512607,
                -8.512607
            ],
            "all_cvacc_train": [
                0.696429,
                0.625,
                0.678571,
                0.625,
                0.660714
            ],
            "all_cvacc_test": [
                0.357143,
                0.785714,
                0.571429,
                0.785714,
                0.642857
            ]
        }
    ]
}