{
    "model_id": "allenai/OLMo-7B-0724-hf",
    "data_set": "MathCONTA_train_full_temp0",
    "datetime": "2025-04-11T15:59:39.840245",
    "method_name": "ngram_acc",
    "parameter_range": {
        "n": "[1, 2, 3, 5, 7]",
        "theta": "optimized"
    },
    "CV_folds": 5,
    "CV_seed": 42,
    "best_log_entry": {
        "method": "ngram_acc",
        "parameter": {
            "n": 1
        },
        "global_threshold": 0.725,
        "median_threshold": 0.75,
        "mean_cvacc_train": 0.585714,
        "mean_cvacc_test": 0.557143,
        "all_thresholds": [
            0.675,
            0.75,
            0.75,
            0.75,
            0.75
        ],
        "all_cvacc_train": [
            0.571429,
            0.535714,
            0.607143,
            0.589286,
            0.625
        ],
        "all_cvacc_test": [
            0.5,
            0.785714,
            0.5,
            0.571429,
            0.428571
        ]
    },
    "all_log_entries": [
        {
            "method": "ngram_acc",
            "parameter": {
                "n": 1
            },
            "global_threshold": 0.725,
            "median_threshold": 0.75,
            "mean_cvacc_train": 0.585714,
            "mean_cvacc_test": 0.557143,
            "all_thresholds": [
                0.675,
                0.75,
                0.75,
                0.75,
                0.75
            ],
            "all_cvacc_train": [
                0.571429,
                0.535714,
                0.607143,
                0.589286,
                0.625
            ],
            "all_cvacc_test": [
                0.5,
                0.785714,
                0.5,
                0.571429,
                0.428571
            ]
        },
        {
            "method": "ngram_acc",
            "parameter": {
                "n": 2
            },
            "global_threshold": 0.525,
            "median_threshold": 0.55,
            "mean_cvacc_train": 0.571429,
            "mean_cvacc_test": 0.542857,
            "all_thresholds": [
                0.55,
                0.55,
                0.475,
                0.55,
                0.525
            ],
            "all_cvacc_train": [
                0.571429,
                0.553571,
                0.553571,
                0.553571,
                0.625
            ],
            "all_cvacc_test": [
                0.571429,
                0.642857,
                0.5,
                0.642857,
                0.357143
            ]
        },
        {
            "method": "ngram_acc",
            "parameter": {
                "n": 3
            },
            "global_threshold": 0.15,
            "median_threshold": 0.15,
            "mean_cvacc_train": 0.521429,
            "mean_cvacc_test": 0.428571,
            "all_thresholds": [
                0.325,
                0.15,
                0.325,
                0.125,
                0.15
            ],
            "all_cvacc_train": [
                0.517857,
                0.535714,
                0.517857,
                0.517857,
                0.517857
            ],
            "all_cvacc_test": [
                0.357143,
                0.428571,
                0.357143,
                0.5,
                0.5
            ]
        },
        {
            "method": "ngram_acc",
            "parameter": {
                "n": 5
            },
            "global_threshold": 0.075,
            "median_threshold": 0.075,
            "mean_cvacc_train": 0.557143,
            "mean_cvacc_test": 0.557143,
            "all_thresholds": [
                0.1,
                0.075,
                0.075,
                0.1,
                0.075
            ],
            "all_cvacc_train": [
                0.553571,
                0.571429,
                0.535714,
                0.553571,
                0.571429
            ],
            "all_cvacc_test": [
                0.571429,
                0.5,
                0.642857,
                0.571429,
                0.5
            ]
        },
        {
            "method": "ngram_acc",
            "parameter": {
                "n": 7
            },
            "global_threshold": 0.075,
            "median_threshold": 0.075,
            "mean_cvacc_train": 0.575,
            "mean_cvacc_test": 0.528571,
            "all_thresholds": [
                0.075,
                0.05,
                0.1,
                0.1,
                0.05
            ],
            "all_cvacc_train": [
                0.571429,
                0.553571,
                0.571429,
                0.589286,
                0.589286
            ],
            "all_cvacc_test": [
                0.571429,
                0.571429,
                0.571429,
                0.5,
                0.428571
            ]
        }
    ]
}