{
    "model_id": "DS_LE_OL_OL2",
    "data_set": "MathCONTA_train_full",
    "datetime": "2025-04-12T19:05:39.084821",
    "method_name": "ngram_loglike",
    "parameter_range": {
        "n": "[1, 2, 3, 5, 7]",
        "theta": "optimized"
    },
    "CV_folds": 5,
    "CV_seed": 42,
    "best_log_entry": {
        "method": "ngram_loglike",
        "parameter": {
            "n": 1
        },
        "global_threshold": -1.343926,
        "median_threshold": -1.343926,
        "mean_cvacc_train": 0.636607,
        "mean_cvacc_test": 0.628571,
        "all_thresholds": [
            -1.343926,
            -1.349037,
            -1.343926,
            -1.343926,
            -1.337307
        ],
        "all_cvacc_train": [
            0.647321,
            0.633929,
            0.625,
            0.633929,
            0.642857
        ],
        "all_cvacc_test": [
            0.589286,
            0.625,
            0.678571,
            0.642857,
            0.607143
        ]
    },
    "all_log_entries": [
        {
            "method": "ngram_loglike",
            "parameter": {
                "n": 1
            },
            "global_threshold": -1.343926,
            "median_threshold": -1.343926,
            "mean_cvacc_train": 0.636607,
            "mean_cvacc_test": 0.628571,
            "all_thresholds": [
                -1.343926,
                -1.349037,
                -1.343926,
                -1.343926,
                -1.337307
            ],
            "all_cvacc_train": [
                0.647321,
                0.633929,
                0.625,
                0.633929,
                0.642857
            ],
            "all_cvacc_test": [
                0.589286,
                0.625,
                0.678571,
                0.642857,
                0.607143
            ]
        },
        {
            "method": "ngram_loglike",
            "parameter": {
                "n": 2
            },
            "global_threshold": -3.194938,
            "median_threshold": -3.487473,
            "mean_cvacc_train": 0.585714,
            "mean_cvacc_test": 0.553571,
            "all_thresholds": [
                -3.194938,
                -3.181992,
                -3.537524,
                -3.928989,
                -3.487473
            ],
            "all_cvacc_train": [
                0.571429,
                0.611607,
                0.575893,
                0.5625,
                0.607143
            ],
            "all_cvacc_test": [
                0.625,
                0.464286,
                0.589286,
                0.625,
                0.464286
            ]
        },
        {
            "method": "ngram_loglike",
            "parameter": {
                "n": 3
            },
            "global_threshold": -4.387198,
            "median_threshold": -4.387198,
            "mean_cvacc_train": 0.602679,
            "mean_cvacc_test": 0.578571,
            "all_thresholds": [
                -4.387198,
                -5.088048,
                -5.128317,
                -4.214029,
                -4.387198
            ],
            "all_cvacc_train": [
                0.598214,
                0.602679,
                0.584821,
                0.598214,
                0.629464
            ],
            "all_cvacc_test": [
                0.607143,
                0.571429,
                0.625,
                0.607143,
                0.482143
            ]
        },
        {
            "method": "ngram_loglike",
            "parameter": {
                "n": 5
            },
            "global_threshold": -7.263177,
            "median_threshold": -7.263177,
            "mean_cvacc_train": 0.614286,
            "mean_cvacc_test": 0.596429,
            "all_thresholds": [
                -7.263177,
                -7.263177,
                -8.224139,
                -7.263177,
                -7.257597
            ],
            "all_cvacc_train": [
                0.59375,
                0.638393,
                0.589286,
                0.602679,
                0.647321
            ],
            "all_cvacc_test": [
                0.696429,
                0.517857,
                0.642857,
                0.660714,
                0.464286
            ]
        },
        {
            "method": "ngram_loglike",
            "parameter": {
                "n": 7
            },
            "global_threshold": -8.40343,
            "median_threshold": -8.488383,
            "mean_cvacc_train": 0.608036,
            "mean_cvacc_test": 0.575,
            "all_thresholds": [
                -8.488383,
                -8.40343,
                -8.40343,
                -8.488383,
                -10.476563
            ],
            "all_cvacc_train": [
                0.598214,
                0.598214,
                0.589286,
                0.616071,
                0.638393
            ],
            "all_cvacc_test": [
                0.625,
                0.642857,
                0.678571,
                0.553571,
                0.375
            ]
        }
    ]
}