{
    "model_id": "EleutherAI/llemma_7b",
    "data_set": "MathCONTA_full",
    "datetime": "2025-04-05T16:28:35.367815",
    "method_name": "ngram_loglike",
    "parameter_range": {
        "n": "[1, 2, 3, 5, 7]",
        "theta": "optimized"
    },
    "CV_folds": 5,
    "CV_seed": 42,
    "best_log_entry": {
        "method": "ngram_loglike",
        "parameter": {
            "n": 1
        },
        "median_threshold": -1.058827,
        "mean_cvacc_train": 0.777586,
        "mean_cvacc_test": 0.775,
        "all_thresholds": [
            -1.058205,
            -1.058827,
            -1.058827,
            -1.059966,
            -1.058827
        ],
        "all_cvacc_train": [
            0.75,
            0.793103,
            0.724138,
            0.827586,
            0.793103
        ],
        "all_cvacc_test": [
            0.875,
            0.714286,
            1.0,
            0.571429,
            0.714286
        ]
    },
    "all_log_entries": [
        {
            "method": "ngram_loglike",
            "parameter": {
                "n": 1
            },
            "median_threshold": -1.058827,
            "mean_cvacc_train": 0.777586,
            "mean_cvacc_test": 0.775,
            "all_thresholds": [
                -1.058205,
                -1.058827,
                -1.058827,
                -1.059966,
                -1.058827
            ],
            "all_cvacc_train": [
                0.75,
                0.793103,
                0.724138,
                0.827586,
                0.793103
            ],
            "all_cvacc_test": [
                0.875,
                0.714286,
                1.0,
                0.571429,
                0.714286
            ]
        },
        {
            "method": "ngram_loglike",
            "parameter": {
                "n": 2
            },
            "median_threshold": -1.614001,
            "mean_cvacc_train": 0.763793,
            "mean_cvacc_test": 0.664286,
            "all_thresholds": [
                -1.614001,
                -1.614001,
                -1.614001,
                -1.317024,
                -1.788444
            ],
            "all_cvacc_train": [
                0.75,
                0.758621,
                0.758621,
                0.758621,
                0.793103
            ],
            "all_cvacc_test": [
                0.75,
                0.714286,
                0.714286,
                0.714286,
                0.428571
            ]
        },
        {
            "method": "ngram_loglike",
            "parameter": {
                "n": 3
            },
            "median_threshold": -2.18633,
            "mean_cvacc_train": 0.694089,
            "mean_cvacc_test": 0.635714,
            "all_thresholds": [
                -2.156178,
                -2.18633,
                -2.18633,
                -2.299672,
                -2.18633
            ],
            "all_cvacc_train": [
                0.642857,
                0.724138,
                0.655172,
                0.724138,
                0.724138
            ],
            "all_cvacc_test": [
                0.75,
                0.571429,
                0.857143,
                0.428571,
                0.571429
            ]
        },
        {
            "method": "ngram_loglike",
            "parameter": {
                "n": 5
            },
            "median_threshold": -4.808568,
            "mean_cvacc_train": 0.833251,
            "mean_cvacc_test": 0.689286,
            "all_thresholds": [
                -4.808568,
                -4.808568,
                -4.749874,
                -5.310493,
                -5.75276
            ],
            "all_cvacc_train": [
                0.821429,
                0.827586,
                0.896552,
                0.827586,
                0.793103
            ],
            "all_cvacc_test": [
                0.875,
                0.857143,
                0.428571,
                0.714286,
                0.571429
            ]
        },
        {
            "method": "ngram_loglike",
            "parameter": {
                "n": 7
            },
            "median_threshold": -8.142522,
            "mean_cvacc_train": 0.763547,
            "mean_cvacc_test": 0.635714,
            "all_thresholds": [
                -8.37468,
                -6.233959,
                -8.149525,
                -8.142522,
                -6.009048
            ],
            "all_cvacc_train": [
                0.714286,
                0.793103,
                0.758621,
                0.793103,
                0.758621
            ],
            "all_cvacc_test": [
                0.75,
                0.428571,
                0.714286,
                0.571429,
                0.714286
            ]
        }
    ]
}