{
    "model_id": "EleutherAI/llemma_7b",
    "data_set": "MathCONTA_full",
    "datetime": "2025-04-05T16:28:57.502879",
    "method_name": "ngram_loglike",
    "parameter_range": {
        "n": "[1, 2, 3, 5, 7]",
        "theta": "optimized"
    },
    "CV_folds": 5,
    "CV_seed": 42,
    "best_log_entry": {
        "method": "ngram_loglike",
        "parameter": {
            "n": 7
        },
        "median_threshold": -9.663346,
        "mean_cvacc_train": 0.875263,
        "mean_cvacc_test": 0.88,
        "all_thresholds": [
            -9.663346,
            -9.663346,
            -9.663346,
            -9.650294,
            -10.061462
        ],
        "all_cvacc_train": [
            0.894737,
            0.842105,
            0.894737,
            0.894737,
            0.85
        ],
        "all_cvacc_test": [
            0.8,
            1.0,
            0.8,
            0.8,
            1.0
        ]
    },
    "all_log_entries": [
        {
            "method": "ngram_loglike",
            "parameter": {
                "n": 1
            },
            "median_threshold": -1.309697,
            "mean_cvacc_train": 0.791579,
            "mean_cvacc_test": 0.79,
            "all_thresholds": [
                -1.309697,
                -1.309697,
                -1.309697,
                -1.281786,
                -1.343372
            ],
            "all_cvacc_train": [
                0.789474,
                0.789474,
                0.789474,
                0.789474,
                0.8
            ],
            "all_cvacc_test": [
                0.8,
                0.8,
                0.8,
                0.8,
                0.75
            ]
        },
        {
            "method": "ngram_loglike",
            "parameter": {
                "n": 2
            },
            "median_threshold": -2.591462,
            "mean_cvacc_train": 0.853684,
            "mean_cvacc_test": 0.7,
            "all_thresholds": [
                -2.401035,
                -3.241856,
                -2.591462,
                -2.273375,
                -2.605087
            ],
            "all_cvacc_train": [
                0.842105,
                0.789474,
                0.842105,
                0.894737,
                0.9
            ],
            "all_cvacc_test": [
                0.8,
                0.8,
                0.8,
                0.6,
                0.5
            ]
        },
        {
            "method": "ngram_loglike",
            "parameter": {
                "n": 3
            },
            "median_threshold": -4.958853,
            "mean_cvacc_train": 0.823158,
            "mean_cvacc_test": 0.67,
            "all_thresholds": [
                -4.228603,
                -4.958853,
                -4.958853,
                -4.228603,
                -4.958853
            ],
            "all_cvacc_train": [
                0.789474,
                0.789474,
                0.842105,
                0.894737,
                0.8
            ],
            "all_cvacc_test": [
                0.8,
                0.8,
                0.6,
                0.4,
                0.75
            ]
        },
        {
            "method": "ngram_loglike",
            "parameter": {
                "n": 5
            },
            "median_threshold": -7.181786,
            "mean_cvacc_train": 0.885263,
            "mean_cvacc_test": 0.79,
            "all_thresholds": [
                -6.52282,
                -7.181786,
                -7.465872,
                -7.181786,
                -7.181786
            ],
            "all_cvacc_train": [
                0.894737,
                0.894737,
                0.842105,
                0.894737,
                0.9
            ],
            "all_cvacc_test": [
                0.8,
                0.8,
                0.8,
                0.8,
                0.75
            ]
        },
        {
            "method": "ngram_loglike",
            "parameter": {
                "n": 7
            },
            "median_threshold": -9.663346,
            "mean_cvacc_train": 0.875263,
            "mean_cvacc_test": 0.88,
            "all_thresholds": [
                -9.663346,
                -9.663346,
                -9.663346,
                -9.650294,
                -10.061462
            ],
            "all_cvacc_train": [
                0.894737,
                0.842105,
                0.894737,
                0.894737,
                0.85
            ],
            "all_cvacc_test": [
                0.8,
                1.0,
                0.8,
                0.8,
                1.0
            ]
        }
    ]
}