{
    "model_id": "EleutherAI/llemma_7b",
    "data_set": "MathCONTA_train_full",
    "datetime": "2025-04-11T16:18:58.059078",
    "method_name": "ngram_loglike",
    "parameter_range": {
        "n": "[1, 2, 3, 5, 7]",
        "theta": "optimized"
    },
    "CV_folds": 5,
    "CV_seed": 42,
    "best_log_entry": {
        "method": "ngram_loglike",
        "parameter": {
            "n": 5
        },
        "global_threshold": -5.791888,
        "median_threshold": -5.791888,
        "mean_cvacc_train": 0.732143,
        "mean_cvacc_test": 0.657143,
        "all_thresholds": [
            -5.791888,
            -6.159598,
            -5.791888,
            -5.650845,
            -6.237061
        ],
        "all_cvacc_train": [
            0.732143,
            0.714286,
            0.785714,
            0.714286,
            0.714286
        ],
        "all_cvacc_test": [
            0.714286,
            0.714286,
            0.5,
            0.714286,
            0.642857
        ]
    },
    "all_log_entries": [
        {
            "method": "ngram_loglike",
            "parameter": {
                "n": 1
            },
            "global_threshold": -1.32147,
            "median_threshold": -1.32147,
            "mean_cvacc_train": 0.710714,
            "mean_cvacc_test": 0.642857,
            "all_thresholds": [
                -1.32147,
                -1.270999,
                -1.358842,
                -1.32147,
                -1.049479
            ],
            "all_cvacc_train": [
                0.732143,
                0.732143,
                0.678571,
                0.678571,
                0.732143
            ],
            "all_cvacc_test": [
                0.571429,
                0.571429,
                0.714286,
                0.785714,
                0.571429
            ]
        },
        {
            "method": "ngram_loglike",
            "parameter": {
                "n": 2
            },
            "global_threshold": -2.313196,
            "median_threshold": -2.313196,
            "mean_cvacc_train": 0.692857,
            "mean_cvacc_test": 0.628571,
            "all_thresholds": [
                -2.660272,
                -2.119475,
                -2.313196,
                -2.313196,
                -2.26627
            ],
            "all_cvacc_train": [
                0.714286,
                0.714286,
                0.678571,
                0.625,
                0.732143
            ],
            "all_cvacc_test": [
                0.428571,
                0.571429,
                0.714286,
                0.928571,
                0.5
            ]
        },
        {
            "method": "ngram_loglike",
            "parameter": {
                "n": 3
            },
            "global_threshold": -4.240535,
            "median_threshold": -4.240535,
            "mean_cvacc_train": 0.657143,
            "mean_cvacc_test": 0.614286,
            "all_thresholds": [
                -5.043742,
                -4.254936,
                -4.228603,
                -4.240535,
                -4.240535
            ],
            "all_cvacc_train": [
                0.642857,
                0.642857,
                0.696429,
                0.642857,
                0.660714
            ],
            "all_cvacc_test": [
                0.5,
                0.714286,
                0.5,
                0.714286,
                0.642857
            ]
        },
        {
            "method": "ngram_loglike",
            "parameter": {
                "n": 5
            },
            "global_threshold": -5.791888,
            "median_threshold": -5.791888,
            "mean_cvacc_train": 0.732143,
            "mean_cvacc_test": 0.657143,
            "all_thresholds": [
                -5.791888,
                -6.159598,
                -5.791888,
                -5.650845,
                -6.237061
            ],
            "all_cvacc_train": [
                0.732143,
                0.714286,
                0.785714,
                0.714286,
                0.714286
            ],
            "all_cvacc_test": [
                0.714286,
                0.714286,
                0.5,
                0.714286,
                0.642857
            ]
        },
        {
            "method": "ngram_loglike",
            "parameter": {
                "n": 7
            },
            "global_threshold": -8.58868,
            "median_threshold": -8.58868,
            "mean_cvacc_train": 0.696429,
            "mean_cvacc_test": 0.642857,
            "all_thresholds": [
                -8.009071,
                -8.58868,
                -8.58868,
                -7.368388,
                -8.58868
            ],
            "all_cvacc_train": [
                0.678571,
                0.678571,
                0.732143,
                0.696429,
                0.696429
            ],
            "all_cvacc_test": [
                0.714286,
                0.714286,
                0.5,
                0.642857,
                0.642857
            ]
        }
    ]
}