{
    "model_id": "EleutherAI/llemma_7b",
    "data_name": "MathCONTA_test_full",
    "datetime": "2025-04-11T16:19:37.079116",
    "method_name": "ngram_loglike",
    "parameter": {
        "parameter1": 5,
        "parameter2": null,
        "theta": "-5.791888"
    },
    "metrics": {
        "accuracy": 0.6333333333333333,
        "accuracy_95CI": [
            0.4666666666666667,
            0.8
        ],
        "precision": 0.5909090909090909,
        "recall": 0.8666666666666667,
        "f1_score": 0.7027027027027027,
        "confusion_matrix": [
            [
                6,
                9
            ],
            [
                2,
                13
            ]
        ],
        "mcnemar_b": 6,
        "mcnemar_c": 2,
        "mcnemar_p_value": 0.2890625
    },
    "n_bootstrap": 1000,
    "seed": 42
}