{
    "model_id": "allenai/OLMo-7B-0724-SFT-hf",
    "data_set": "MathCONTA_train_full",
    "datetime": "2025-04-11T17:49:11.000533",
    "method_name": "ngram_cdd",
    "parameter_range": {
        "n": "[10, 20, 30]",
        "theta": "optimized"
    },
    "CV_folds": 5,
    "CV_seed": 42,
    "best_log_entry": {
        "method": "ngram_cdd",
        "parameter": {
            "n": 10,
            "alpha": 0.0
        },
        "global_threshold": 0.003333,
        "median_threshold": 0.003333,
        "mean_cvacc_train": 0.614286,
        "mean_cvacc_test": 0.614286,
        "all_thresholds": [
            0.006667,
            0.003333,
            0.006667,
            0.003333,
            0.003333
        ],
        "all_cvacc_train": [
            0.642857,
            0.642857,
            0.607143,
            0.553571,
            0.625
        ],
        "all_cvacc_test": [
            0.5,
            0.5,
            0.642857,
            0.857143,
            0.571429
        ]
    },
    "all_log_entries": [
        {
            "method": "ngram_cdd",
            "parameter": {
                "n": 10,
                "alpha": 0.0
            },
            "global_threshold": 0.003333,
            "median_threshold": 0.003333,
            "mean_cvacc_train": 0.614286,
            "mean_cvacc_test": 0.614286,
            "all_thresholds": [
                0.006667,
                0.003333,
                0.006667,
                0.003333,
                0.003333
            ],
            "all_cvacc_train": [
                0.642857,
                0.642857,
                0.607143,
                0.553571,
                0.625
            ],
            "all_cvacc_test": [
                0.5,
                0.5,
                0.642857,
                0.857143,
                0.571429
            ]
        },
        {
            "method": "ngram_cdd",
            "parameter": {
                "n": 10,
                "alpha": 0.1
            },
            "global_threshold": 0.006667,
            "median_threshold": 0.006667,
            "mean_cvacc_train": 0.575,
            "mean_cvacc_test": 0.557143,
            "all_thresholds": [
                0.01,
                0.006667,
                0.006667,
                0.003333,
                0.003333
            ],
            "all_cvacc_train": [
                0.607143,
                0.607143,
                0.553571,
                0.535714,
                0.571429
            ],
            "all_cvacc_test": [
                0.428571,
                0.428571,
                0.642857,
                0.714286,
                0.571429
            ]
        },
        {
            "method": "ngram_cdd",
            "parameter": {
                "n": 10,
                "alpha": 0.2
            },
            "global_threshold": 0.013333,
            "median_threshold": 0.033333,
            "mean_cvacc_train": 0.567857,
            "mean_cvacc_test": 0.485714,
            "all_thresholds": [
                0.033333,
                0.01,
                0.063333,
                0.01,
                0.11
            ],
            "all_cvacc_train": [
                0.589286,
                0.589286,
                0.571429,
                0.553571,
                0.535714
            ],
            "all_cvacc_test": [
                0.357143,
                0.428571,
                0.5,
                0.571429,
                0.571429
            ]
        },
        {
            "method": "ngram_cdd",
            "parameter": {
                "n": 10,
                "alpha": 0.3
            },
            "global_threshold": 0.003333,
            "median_threshold": 0.006667,
            "mean_cvacc_train": 0.571429,
            "mean_cvacc_test": 0.5,
            "all_thresholds": [
                0.003333,
                0.016667,
                0.026667,
                0.006667,
                0.006667
            ],
            "all_cvacc_train": [
                0.571429,
                0.607143,
                0.589286,
                0.553571,
                0.535714
            ],
            "all_cvacc_test": [
                0.5,
                0.357143,
                0.428571,
                0.571429,
                0.642857
            ]
        },
        {
            "method": "ngram_cdd",
            "parameter": {
                "n": 20,
                "alpha": 0.0
            },
            "global_threshold": 0.086667,
            "median_threshold": 0.016667,
            "mean_cvacc_train": 0.564286,
            "mean_cvacc_test": 0.471429,
            "all_thresholds": [
                0.006667,
                0.003333,
                0.08,
                0.016667,
                0.086667
            ],
            "all_cvacc_train": [
                0.571429,
                0.571429,
                0.553571,
                0.553571,
                0.571429
            ],
            "all_cvacc_test": [
                0.428571,
                0.428571,
                0.5,
                0.5,
                0.5
            ]
        },
        {
            "method": "ngram_cdd",
            "parameter": {
                "n": 20,
                "alpha": 0.1
            },
            "global_threshold": 0.003333,
            "median_threshold": 0.006667,
            "mean_cvacc_train": 0.582143,
            "mean_cvacc_test": 0.471429,
            "all_thresholds": [
                0.003333,
                0.006667,
                0.006667,
                0.03,
                0.136667
            ],
            "all_cvacc_train": [
                0.589286,
                0.607143,
                0.589286,
                0.553571,
                0.571429
            ],
            "all_cvacc_test": [
                0.5,
                0.428571,
                0.5,
                0.5,
                0.428571
            ]
        },
        {
            "method": "ngram_cdd",
            "parameter": {
                "n": 20,
                "alpha": 0.2
            },
            "global_threshold": 0.003333,
            "median_threshold": 0.006667,
            "mean_cvacc_train": 0.589286,
            "mean_cvacc_test": 0.557143,
            "all_thresholds": [
                0.006667,
                0.006667,
                0.003333,
                0.053333,
                0.006667
            ],
            "all_cvacc_train": [
                0.607143,
                0.589286,
                0.607143,
                0.571429,
                0.571429
            ],
            "all_cvacc_test": [
                0.5,
                0.571429,
                0.5,
                0.571429,
                0.642857
            ]
        },
        {
            "method": "ngram_cdd",
            "parameter": {
                "n": 20,
                "alpha": 0.3
            },
            "global_threshold": 0.006667,
            "median_threshold": 0.006667,
            "mean_cvacc_train": 0.575,
            "mean_cvacc_test": 0.542857,
            "all_thresholds": [
                0.003333,
                0.006667,
                0.006667,
                0.066667,
                0.006667
            ],
            "all_cvacc_train": [
                0.589286,
                0.571429,
                0.571429,
                0.553571,
                0.589286
            ],
            "all_cvacc_test": [
                0.5,
                0.571429,
                0.571429,
                0.571429,
                0.5
            ]
        },
        {
            "method": "ngram_cdd",
            "parameter": {
                "n": 30,
                "alpha": 0.0
            },
            "global_threshold": 0.036667,
            "median_threshold": 0.036667,
            "mean_cvacc_train": 0.542857,