{
    "model_id": "deepseek-ai/deepseek-math-7b-instruct",
    "data_set": "MathCONTA",
    "datetime": "2025-04-05T11:48:30.313210",
    "method_name": "CDD",
    "parameter_range": {
        "alpha": "[0.0, 0.05, 0.1, 0.15, 0.2, 0.25, 0.3, 0.35, 0.4, 0.45, 0.5, 0.55, 0.6, 0.65, 0.7, 0.75, 0.8, 0.85]",
        "theta": "optimized"
    },
    "CV_folds": 5,
    "CV_seed": 42,
    "best_log_entry": {
        "method": "CDD",
        "parameter": {
            "alpha": 0.8
        },
        "median_threshold": 0.69,
        "mean_cvacc_train": 0.610837,
        "mean_cvacc_test": 0.578571,
        "all_thresholds": [
            0.69,
            0.69,
            0.66,
            0.69,
            0.69
        ],
        "all_cvacc_train": [
            0.571429,
            0.62069,
            0.62069,
            0.62069,
            0.62069
        ],
        "all_cvacc_test": [
            0.75,
            0.571429,
            0.428571,
            0.571429,
            0.571429
        ]
    },
    "all_log_entries": [
        {
            "method": "CDD",
            "parameter": {
                "alpha": 0.0
            },
            "median_threshold": 0.01,
            "mean_cvacc_train": 0.555419,
            "mean_cvacc_test": 0.553571,
            "all_thresholds": [
                0.01,
                0.01,
                0.01,
                0.01,
                0.01
            ],
            "all_cvacc_train": [
                0.535714,
                0.551724,
                0.586207,
                0.551724,
                0.551724
            ],
            "all_cvacc_test": [
                0.625,
                0.571429,
                0.428571,
                0.571429,
                0.571429
            ]
        },
        {
            "method": "CDD",
            "parameter": {
                "alpha": 0.05
            },
            "median_threshold": 0.01,
            "mean_cvacc_train": 0.541379,
            "mean_cvacc_test": 0.414286,
            "all_thresholds": [
                0.0,
                0.01,
                0.11,
                0.0,
                0.01
            ],
            "all_cvacc_train": [
                0.5,
                0.551724,
                0.586207,
                0.517241,
                0.551724
            ],
            "all_cvacc_test": [
                0.5,
                0.428571,
                0.285714,
                0.428571,
                0.428571
            ]
        },
        {
            "method": "CDD",
            "parameter": {
                "alpha": 0.1
            },
            "median_threshold": 0.03,
            "mean_cvacc_train": 0.548276,
            "mean_cvacc_test": 0.385714,
            "all_thresholds": [
                0.0,
                0.03,
                0.2,
                0.0,
                0.08
            ],
            "all_cvacc_train": [
                0.5,
                0.551724,
                0.586207,
                0.517241,
                0.586207
            ],
            "all_cvacc_test": [
                0.5,
                0.428571,
                0.285714,
                0.428571,
                0.285714
            ]
        },
        {
            "method": "CDD",
            "parameter": {
                "alpha": 0.15
            },
            "median_threshold": 0.08,
            "mean_cvacc_train": 0.555172,
            "mean_cvacc_test": 0.442857,
            "all_thresholds": [
                0.0,
                0.05,
                0.08,
                0.08,
                0.12
            ],
            "all_cvacc_train": [
                0.5,
                0.551724,
                0.586207,
                0.551724,
                0.586207
            ],
            "all_cvacc_test": [
                0.5,
                0.428571,
                0.428571,
                0.571429,
                0.285714
            ]
        },
        {
            "method": "CDD",
            "parameter": {
                "alpha": 0.2
            },
            "median_threshold": 0.08,
            "mean_cvacc_train": 0.555172,
            "mean_cvacc_test": 0.471429,
            "all_thresholds": [
                0.0,
                0.08,
                0.08,
                0.08,
                0.21
            ],
            "all_cvacc_train": [
                0.5,
                0.551724,
                0.586207,
                0.551724,
                0.586207
            ],
            "all_cvacc_test": [
                0.5,
                0.571429,
                0.428571,
                0.571429,
                0.285714
            ]
        },
        {
            "method": "CDD",
            "parameter": {
                "alpha": 0.25
            },
            "median_threshold": 0.31,
            "mean_cvacc_train": 0.555172,
            "mean_cvacc_test": 0.471429,
            "all_thresholds": [
                0.0,
                0.35,
                0.31,
                0.31,
                0.24
            ],
            "all_cvacc_train": [
                0.5,
                0.551724,
                0.586207,
                0.551724,
                0.586207
            ],
            "all_cvacc_test": [
                0.5,
                0.571429,
                0.428571,
                0.571429,
                0.285714
            ]
        },
        {
            "method": "CDD",
            "parameter": {
                "alpha": 0.3
            },
            "median_threshold": 0.33,
            "mean_cvacc_train": 0.555172,
            "mean_cvacc_test": 0.471429,
            "all_thresholds": [
                0.0,
                0.38,
                0.33,
                0.33,
                0.33
            ],
            "all_cvacc_train": [
                0.5,
                0.551724,
                0.586207,
                0.551724,
                0.586207
            ],
            "all_cvacc_test": [
                0.5,
                0.428571,
                0.428571,
                0.571429,
                0.428571
            ]
        },
        {
            "method": "CDD",
            "parameter": {
                "alpha": 0.35
            },
            "median_threshold": 0.31,
            "mean_cvacc_train": 0.534483,
            "mean_cvacc_test": 0.442857,
            "all_thresholds": [
                0.0,
                0.45,
                0.32,
                0.0,
                0.31
            ],
            "all_cvacc_train": [
                0.5,
                0.551724,
                0.551724,
                0.517241,
                0.551724
            ],
            "all_cvacc_test": [
                0.5,
                0.428571,
                0.428571,
                0.428571,
                0.428571
            ]
        },
        {
            "method": "CDD",
            "parameter": {
                "alpha": 0.4
            },
            "median_threshold": 0.35,
            "mean_cvacc_train": 0.534483,
            "mean_cvacc_test": 0.442857,
            "all_thresholds": [
                0.0,
                0.49,
                0.35,
                0.0,
                0.35
            ],
            "all_cvacc_train": [
                0.5,
                0.551724,
                0.551724,
                0.517241,
                0.551724
            ],
            "all_cvacc_test": [
                0.5,
                0.428571,
                0.428571,
                0.428571,
                0.428571
            ]
        },
        {
            "method": "CDD",
            "parameter": {
                "alpha": 0.45
            },
            "median_threshold": 0.46,
            "mean_cvacc_train": 0.562315,
            "mean_cvacc_test": 0.5,