{
    "model_id": "allenai/OLMo-7B-0724-hf",
    "data_set": "MathCONTA_v1_full",
    "datetime": "2025-04-05T13:37:28.246980",
    "method_name": "minK",
    "parameter_range": {
        "k": "[5, 10, 20, 30, 40, 50]",
        "theta": "optimized"
    },
    "CV_folds": 5,
    "CV_seed": 42,
    "best_log_entry": {
        "method": "minK",
        "parameter": {
            "k": 50
        },
        "median_threshold": 0.163475,
        "mean_cvacc_train": 0.6025,
        "mean_cvacc_test": 0.54,
        "all_thresholds": [
            0.163475,
            0.162225,
            0.188732,
            0.188808,
            0.163475
        ],
        "all_cvacc_train": [
            0.6125,
            0.575,
            0.5875,
            0.625,
            0.6125
        ],
        "all_cvacc_test": [
            0.5,
            0.65,
            0.6,
            0.45,
            0.5
        ]
    },
    "all_log_entries": [
        {
            "method": "minK",
            "parameter": {
                "k": 5
            },
            "median_threshold": 0.000834,
            "mean_cvacc_train": 0.5875,
            "mean_cvacc_test": 0.52,
            "all_thresholds": [
                0.000239,
                0.000834,
                0.000834,
                0.000184,
                0.000888
            ],
            "all_cvacc_train": [
                0.6,
                0.575,
                0.575,
                0.575,
                0.6125
            ],
            "all_cvacc_test": [
                0.45,
                0.6,
                0.6,
                0.5,
                0.45
            ]
        },
        {
            "method": "minK",
            "parameter": {
                "k": 10
            },
            "median_threshold": 0.003658,
            "mean_cvacc_train": 0.5775,
            "mean_cvacc_test": 0.49,
            "all_thresholds": [
                0.001065,
                0.000415,
                0.003658,
                0.00368,
                0.00368
            ],
            "all_cvacc_train": [
                0.575,
                0.55,
                0.575,
                0.5875,
                0.6
            ],
            "all_cvacc_test": [
                0.45,
                0.5,
                0.55,
                0.5,
                0.45
            ]
        },
        {
            "method": "minK",
            "parameter": {
                "k": 20
            },
            "median_threshold": 0.018801,
            "mean_cvacc_train": 0.5925,
            "mean_cvacc_test": 0.5,
            "all_thresholds": [
                0.009477,
                0.018801,
                0.018801,
                0.013375,
                0.018801
            ],
            "all_cvacc_train": [
                0.5875,
                0.5625,
                0.575,
                0.625,
                0.6125
            ],
            "all_cvacc_test": [
                0.4,
                0.65,
                0.6,
                0.4,
                0.45
            ]
        },
        {
            "method": "minK",
            "parameter": {
                "k": 30
            },
            "median_threshold": 0.025373,
            "mean_cvacc_train": 0.585,
            "mean_cvacc_test": 0.53,
            "all_thresholds": [
                0.025373,
                0.025373,
                0.025009,
                0.045161,
                0.043716
            ],
            "all_cvacc_train": [
                0.6,
                0.5875,
                0.55,
                0.6,
                0.5875
            ],
            "all_cvacc_test": [
                0.5,
                0.55,
                0.7,
                0.4,
                0.5
            ]
        },
        {
            "method": "minK",
            "parameter": {
                "k": 40
            },
            "median_threshold": 0.098061,
            "mean_cvacc_train": 0.5925,
            "mean_cvacc_test": 0.52,
            "all_thresholds": [
                0.064796,
                0.098061,
                0.109558,
                0.098657,
                0.098061
            ],
            "all_cvacc_train": [
                0.5875,
                0.575,
                0.575,
                0.6125,
                0.6125
            ],
            "all_cvacc_test": [
                0.45,
                0.65,
                0.55,
                0.45,
                0.5
            ]
        },
        {
            "method": "minK",
            "parameter": {
                "k": 50
            },
            "median_threshold": 0.163475,
            "mean_cvacc_train": 0.6025,
            "mean_cvacc_test": 0.54,
            "all_thresholds": [
                0.163475,
                0.162225,
                0.188732,
                0.188808,
                0.163475
            ],
            "all_cvacc_train": [
                0.6125,
                0.575,
                0.5875,
                0.625,
                0.6125
            ],
            "all_cvacc_test": [
                0.5,
                0.65,
                0.6,
                0.45,
                0.5
            ]
        }
    ]
}