{
    "model_id": "allenai/OLMo-7B-0724-Instruct-hf",
    "data_name": "MathCONTA_test_full",
    "datetime": "2025-04-11T17:51:25.073134",
    "method_name": "ngram_cdd",
    "parameter": {
        "parameter1": 10,
        "parameter2": 0.3,
        "theta": "0.01"
    },
    "metrics": {
        "accuracy": 0.5333333333333333,
        "accuracy_95CI": [
            0.36666666666666664,
            0.7
        ],
        "precision": 0.5185185185185185,
        "recall": 0.9333333333333333,
        "f1_score": 0.6666666666666666,
        "confusion_matrix": [
            [
                2,
                13
            ],
            [
                1,
                14
            ]
        ],
        "mcnemar_b": 2,
        "mcnemar_c": 1,
        "mcnemar_p_value": 1.0
    },
    "n_bootstrap": 1000,
    "seed": 42
}