{
    "model_id": "allenai/OLMo-2-1124-13B-Instruct",
    "data_set": "MathCONTA_train_full_temp0",
    "datetime": "2025-04-11T17:32:13.484631",
    "method_name": "ngram_acc",
    "parameter_range": {
        "n": "[1, 2, 3, 5, 7]",
        "theta": "optimized"
    },
    "CV_folds": 5,
    "CV_seed": 42,
    "best_log_entry": {
        "method": "ngram_acc",
        "parameter": {
            "n": 1
        },
        "global_threshold": 0.325,
        "median_threshold": 0.325,
        "mean_cvacc_train": 0.521429,
        "mean_cvacc_test": 0.485714,
        "all_thresholds": [
            0.325,
            0.675,
            0.325,
            0.325,
            0.675
        ],
        "all_cvacc_train": [
            0.517857,
            0.535714,
            0.517857,
            0.517857,
            0.517857
        ],
        "all_cvacc_test": [
            0.5,
            0.428571,
            0.5,
            0.5,
            0.5
        ]
    },
    "all_log_entries": [
        {
            "method": "ngram_acc",
            "parameter": {
                "n": 1
            },
            "global_threshold": 0.325,
            "median_threshold": 0.325,
            "mean_cvacc_train": 0.521429,
            "mean_cvacc_test": 0.485714,
            "all_thresholds": [
                0.325,
                0.675,
                0.325,
                0.325,
                0.675
            ],
            "all_cvacc_train": [
                0.517857,
                0.535714,
                0.517857,
                0.517857,
                0.517857
            ],
            "all_cvacc_test": [
                0.5,
                0.428571,
                0.5,
                0.5,
                0.5
            ]
        },
        {
            "method": "ngram_acc",
            "parameter": {
                "n": 2
            },
            "global_threshold": 0.525,
            "median_threshold": 0.525,
            "mean_cvacc_train": 0.532143,
            "mean_cvacc_test": 0.457143,
            "all_thresholds": [
                0.625,
                0.425,
                0.525,
                0.2,
                0.55
            ],
            "all_cvacc_train": [
                0.517857,
                0.517857,
                0.571429,
                0.517857,
                0.535714
            ],
            "all_cvacc_test": [
                0.5,
                0.5,
                0.357143,
                0.428571,
                0.5
            ]
        },
        {
            "method": "ngram_acc",
            "parameter": {
                "n": 3
            },
            "global_threshold": 0.475,
            "median_threshold": 0.425,
            "mean_cvacc_train": 0.528571,
            "mean_cvacc_test": 0.414286,
            "all_thresholds": [
                0.55,
                0.35,
                0.425,
                0.475,
                0.425
            ],
            "all_cvacc_train": [
                0.517857,
                0.535714,
                0.535714,
                0.535714,
                0.517857
            ],
            "all_cvacc_test": [
                0.5,
                0.357143,
                0.357143,
                0.428571,
                0.428571
            ]
        },
        {
            "method": "ngram_acc",
            "parameter": {
                "n": 5
            },
            "global_threshold": 0.5,
            "median_threshold": 0.375,
            "mean_cvacc_train": 0.521429,
            "mean_cvacc_test": 0.442857,
            "all_thresholds": [
                0.5,
                0.225,
                0.5,
                0.375,
                0.075
            ],
            "all_cvacc_train": [
                0.517857,
                0.517857,
                0.517857,
                0.517857,
                0.535714
            ],
            "all_cvacc_test": [
                0.5,
                0.428571,
                0.5,
                0.428571,
                0.357143
            ]
        },
        {
            "method": "ngram_acc",
            "parameter": {
                "n": 7
            },
            "global_threshold": 0.025,
            "median_threshold": 0.05,
            "mean_cvacc_train": 0.528571,
            "mean_cvacc_test": 0.414286,
            "all_thresholds": [
                0.05,
                0.0,
                0.25,
                0.025,
                0.325
            ],
            "all_cvacc_train": [
                0.517857,
                0.5,
                0.517857,
                0.571429,
                0.535714
            ],
            "all_cvacc_test": [
                0.5,
                0.5,
                0.357143,
                0.285714,
                0.428571
            ]
        }
    ]
}