{
    "model_id": "allenai/OLMo-7B-0724-SFT-hf",
    "data_set": "MathCONTA_v1_full",
    "datetime": "2025-04-05T13:25:34.209315",
    "method_name": "minK",
    "parameter_range": {
        "k": "[5, 10, 20, 30, 40, 50]",
        "theta": "optimized"
    },
    "CV_folds": 5,
    "CV_seed": 42,
    "best_log_entry": {
        "method": "minK",
        "parameter": {
            "k": 5
        },
        "median_threshold": 0.000452,
        "mean_cvacc_train": 0.4,
        "mean_cvacc_test": 0.35,
        "all_thresholds": [
            0.000452,
            0.000452,
            0.000466,
            0.000426,
            0.000452
        ],
        "all_cvacc_train": [
            0.4375,
            0.4375,
            0.375,
            0.3125,
            0.4375
        ],
        "all_cvacc_test": [
            0.25,
            0.25,
            0.5,
            0.5,
            0.25
        ]
    },
    "all_log_entries": [
        {
            "method": "minK",
            "parameter": {
                "k": 5
            },
            "median_threshold": 0.000452,
            "mean_cvacc_train": 0.4,
            "mean_cvacc_test": 0.35,
            "all_thresholds": [
                0.000452,
                0.000452,
                0.000466,
                0.000426,
                0.000452
            ],
            "all_cvacc_train": [
                0.4375,
                0.4375,
                0.375,
                0.3125,
                0.4375
            ],
            "all_cvacc_test": [
                0.25,
                0.25,
                0.5,
                0.5,
                0.25
            ]
        },
        {
            "method": "minK",
            "parameter": {
                "k": 10
            },
            "median_threshold": 0.001819,
            "mean_cvacc_train": 0.45,
            "mean_cvacc_test": 0.35,
            "all_thresholds": [
                0.001819,
                0.001819,
                0.001819,
                0.001785,
                0.001915
            ],
            "all_cvacc_train": [
                0.4375,
                0.5,
                0.5,
                0.375,
                0.4375
            ],
            "all_cvacc_test": [
                0.5,
                0.25,
                0.25,
                0.5,
                0.25
            ]
        },
        {
            "method": "minK",
            "parameter": {
                "k": 20
            },
            "median_threshold": 0.02008,
            "mean_cvacc_train": 0.4125,
            "mean_cvacc_test": 0.2,
            "all_thresholds": [
                0.014292,
                0.014292,
                0.02008,
                0.021007,
                0.02008
            ],
            "all_cvacc_train": [
                0.375,
                0.4375,
                0.4375,
                0.3125,
                0.5
            ],
            "all_cvacc_test": [
                0.25,
                0.0,
                0.25,
                0.5,
                0.0
            ]
        },
        {
            "method": "minK",
            "parameter": {
                "k": 30
            },
            "median_threshold": 0.059169,
            "mean_cvacc_train": 0.3875,
            "mean_cvacc_test": 0.3,
            "all_thresholds": [
                0.071868,
                0.071868,
                0.059169,
                0.059169,
                0.059169
            ],
            "all_cvacc_train": [
                0.375,
                0.4375,
                0.375,
                0.3125,
                0.4375
            ],
            "all_cvacc_test": [
                0.5,
                0.25,
                0.25,
                0.5,
                0.0
            ]
        },
        {
            "method": "minK",
            "parameter": {
                "k": 40
            },
            "median_threshold": 0.154842,
            "mean_cvacc_train": 0.4125,
            "mean_cvacc_test": 0.3,
            "all_thresholds": [
                0.15617,
                0.08805,
                0.154842,
                0.09911,
                0.15617
            ],
            "all_cvacc_train": [
                0.4375,
                0.4375,
                0.4375,
                0.25,
                0.5
            ],
            "all_cvacc_test": [
                0.5,
                0.0,
                0.25,
                0.5,
                0.25
            ]
        },
        {
            "method": "minK",
            "parameter": {
                "k": 50
            },
            "median_threshold": 0.150267,
            "mean_cvacc_train": 0.3875,
            "mean_cvacc_test": 0.35,
            "all_thresholds": [
                0.150267,
                0.1526,
                0.150267,
                0.17861,
                0.150267
            ],
            "all_cvacc_train": [
                0.4375,
                0.4375,
                0.375,
                0.25,
                0.4375
            ],
            "all_cvacc_test": [
                0.25,
                0.25,
                0.5,
                0.5,
                0.25
            ]
        }
    ]
}