{
    "model_id": "allenai/OLMo-7B-0724-SFT-hf",
    "data_set": "MathCONTA_v1_full",
    "datetime": "2025-04-05T13:25:21.039893",
    "method_name": "minK",
    "parameter_range": {
        "k": "[5, 10, 20, 30, 40, 50]",
        "theta": "optimized"
    },
    "CV_folds": 5,
    "CV_seed": 42,
    "best_log_entry": {
        "method": "minK",
        "parameter": {
            "k": 5
        },
        "median_threshold": 0.000194,
        "mean_cvacc_train": 0.749474,
        "mean_cvacc_test": 0.74,
        "all_thresholds": [
            0.000194,
            0.000191,
            0.000194,
            0.000196,
            0.000194
        ],
        "all_cvacc_train": [
            0.789474,
            0.736842,
            0.684211,
            0.736842,
            0.8
        ],
        "all_cvacc_test": [
            0.6,
            0.8,
            1.0,
            0.8,
            0.5
        ]
    },
    "all_log_entries": [
        {
            "method": "minK",
            "parameter": {
                "k": 5
            },
            "median_threshold": 0.000194,
            "mean_cvacc_train": 0.749474,
            "mean_cvacc_test": 0.74,
            "all_thresholds": [
                0.000194,
                0.000191,
                0.000194,
                0.000196,
                0.000194
            ],
            "all_cvacc_train": [
                0.789474,
                0.736842,
                0.684211,
                0.736842,
                0.8
            ],
            "all_cvacc_test": [
                0.6,
                0.8,
                1.0,
                0.8,
                0.5
            ]
        },
        {
            "method": "minK",
            "parameter": {
                "k": 10
            },
            "median_threshold": 0.000446,
            "mean_cvacc_train": 0.687368,
            "mean_cvacc_test": 0.58,
            "all_thresholds": [
                0.000446,
                0.000446,
                0.000446,
                0.001175,
                0.000403
            ],
            "all_cvacc_train": [
                0.684211,
                0.631579,
                0.684211,
                0.736842,
                0.7
            ],
            "all_cvacc_test": [
                0.6,
                0.8,
                0.6,
                0.4,
                0.5
            ]
        },
        {
            "method": "minK",
            "parameter": {
                "k": 20
            },
            "median_threshold": 0.005211,
            "mean_cvacc_train": 0.749474,
            "mean_cvacc_test": 0.7,
            "all_thresholds": [
                0.005211,
                0.005826,
                0.005211,
                0.005211,
                0.005211
            ],
            "all_cvacc_train": [
                0.736842,
                0.684211,
                0.736842,
                0.789474,
                0.8
            ],
            "all_cvacc_test": [
                0.8,
                0.8,
                0.8,
                0.6,
                0.5
            ]
        },
        {
            "method": "minK",
            "parameter": {
                "k": 30
            },
            "median_threshold": 0.021766,
            "mean_cvacc_train": 0.749474,
            "mean_cvacc_test": 0.7,
            "all_thresholds": [
                0.021766,
                0.023243,
                0.018366,
                0.021766,
                0.021766
            ],
            "all_cvacc_train": [
                0.736842,
                0.684211,
                0.736842,
                0.789474,
                0.8
            ],
            "all_cvacc_test": [
                0.8,
                1.0,
                0.6,
                0.6,
                0.5
            ]
        },
        {
            "method": "minK",
            "parameter": {
                "k": 40
            },
            "median_threshold": 0.058818,
            "mean_cvacc_train": 0.739474,
            "mean_cvacc_test": 0.58,
            "all_thresholds": [
                0.058818,
                0.09116,
                0.048287,
                0.100351,
                0.042762
            ],
            "all_cvacc_train": [
                0.736842,
                0.684211,
                0.736842,
                0.789474,
                0.75
            ],
            "all_cvacc_test": [
                0.6,
                0.8,
                0.6,
                0.4,
                0.5
            ]
        },
        {
            "method": "minK",
            "parameter": {
                "k": 50
            },
            "median_threshold": 0.096389,
            "mean_cvacc_train": 0.728947,
            "mean_cvacc_test": 0.62,
            "all_thresholds": [
                0.11216,
                0.163777,
                0.096389,
                0.096389,
                0.094104
            ],
            "all_cvacc_train": [
                0.736842,
                0.684211,
                0.736842,
                0.736842,
                0.75
            ],
            "all_cvacc_test": [
                0.6,
                0.8,
                0.6,
                0.6,
                0.5
            ]
        }
    ]
}