{
    "model_id": "allenai/OLMo-7B-0724-Instruct-hf",
    "data_set": "MathCONTA_train_full_temp0",
    "datetime": "2025-04-11T16:02:50.086088",
    "method_name": "ngram_acc",
    "parameter_range": {
        "n": "[1, 2, 3, 5, 7]",
        "theta": "optimized"
    },
    "CV_folds": 5,
    "CV_seed": 42,
    "best_log_entry": {
        "method": "ngram_acc",
        "parameter": {
            "n": 1
        },
        "global_threshold": 0.7,
        "median_threshold": 0.675,
        "mean_cvacc_train": 0.553571,
        "mean_cvacc_test": 0.471429,
        "all_thresholds": [
            0.65,
            0.65,
            0.7,
            0.675,
            0.7
        ],
        "all_cvacc_train": [
            0.571429,
            0.517857,
            0.553571,
            0.553571,
            0.571429
        ],
        "all_cvacc_test": [
            0.357143,
            0.571429,
            0.5,
            0.5,
            0.428571
        ]
    },
    "all_log_entries": [
        {
            "method": "ngram_acc",
            "parameter": {
                "n": 1
            },
            "global_threshold": 0.7,
            "median_threshold": 0.675,
            "mean_cvacc_train": 0.553571,
            "mean_cvacc_test": 0.471429,
            "all_thresholds": [
                0.65,
                0.65,
                0.7,
                0.675,
                0.7
            ],
            "all_cvacc_train": [
                0.571429,
                0.517857,
                0.553571,
                0.553571,
                0.571429
            ],
            "all_cvacc_test": [
                0.357143,
                0.571429,
                0.5,
                0.5,
                0.428571
            ]
        },
        {
            "method": "ngram_acc",
            "parameter": {
                "n": 2
            },
            "global_threshold": 0.475,
            "median_threshold": 0.5,
            "mean_cvacc_train": 0.567857,
            "mean_cvacc_test": 0.471429,
            "all_thresholds": [
                0.55,
                0.475,
                0.5,
                0.625,
                0.5
            ],
            "all_cvacc_train": [
                0.571429,
                0.589286,
                0.535714,
                0.553571,
                0.589286
            ],
            "all_cvacc_test": [
                0.5,
                0.428571,
                0.642857,
                0.357143,
                0.428571
            ]
        },
        {
            "method": "ngram_acc",
            "parameter": {
                "n": 3
            },
            "global_threshold": 0.0,
            "median_threshold": 0.15,
            "mean_cvacc_train": 0.517857,
            "mean_cvacc_test": 0.428571,
            "all_thresholds": [
                0.225,
                0.15,
                0.025,
                0.0,
                0.225
            ],
            "all_cvacc_train": [
                0.535714,
                0.5,
                0.517857,
                0.5,
                0.535714
            ],
            "all_cvacc_test": [
                0.357143,
                0.5,
                0.428571,
                0.5,
                0.357143
            ]
        },
        {
            "method": "ngram_acc",
            "parameter": {
                "n": 5
            },
            "global_threshold": 0.0,
            "median_threshold": 0.2,
            "mean_cvacc_train": 0.521429,
            "mean_cvacc_test": 0.4,
            "all_thresholds": [
                0.225,
                0.05,
                0.0,
                0.2,
                0.2
            ],
            "all_cvacc_train": [
                0.517857,
                0.517857,
                0.5,
                0.517857,
                0.553571
            ],
            "all_cvacc_test": [
                0.357143,
                0.428571,
                0.5,
                0.428571,
                0.285714
            ]
        },
        {
            "method": "ngram_acc",
            "parameter": {
                "n": 7
            },
            "global_threshold": 0.075,
            "median_threshold": 0.075,
            "mean_cvacc_train": 0.553571,
            "mean_cvacc_test": 0.471429,
            "all_thresholds": [
                0.075,
                0.05,
                0.05,
                0.1,
                0.075
            ],
            "all_cvacc_train": [
                0.553571,
                0.535714,
                0.535714,
                0.571429,
                0.571429
            ],
            "all_cvacc_test": [
                0.5,
                0.5,
                0.5,
                0.428571,
                0.428571
            ]
        }
    ]
}