{
    "model_id": "allenai/OLMo-2-1124-13B-Instruct",
    "data_name": "MathCONTA_test",
    "datetime": "2025-04-11T12:08:06.599004",
    "method_name": "minK",
    "parameter": {
        "parameter1": 5,
        "parameter2": null,
        "theta": "0.000163"
    },
    "metrics": {
        "accuracy": 0.5333333333333333,
        "accuracy_95CI": [
            0.36666666666666664,
            0.7333333333333333
        ],
        "precision": 0.5384615384615384,
        "recall": 0.4666666666666667,
        "f1_score": 0.5,
        "confusion_matrix": [
            [
                9,
                6
            ],
            [
                8,
                7
            ]
        ],
        "mcnemar_b": 9,
        "mcnemar_c": 8,
        "mcnemar_p_value": 1.0
    },
    "n_bootstrap": 1000,
    "seed": 42
}