{
    "model_id": "allenai/OLMo-7B-0724-Instruct-hf",
    "data_set": "MathCONTA_v1_full",
    "datetime": "2025-04-05T12:48:03.367831",
    "method_name": "minK",
    "parameter_range": {
        "k": "[5, 10, 20, 30, 40, 50]",
        "theta": "optimized"
    },
    "CV_folds": 5,
    "CV_seed": 42,
    "best_log_entry": {
        "method": "minK",
        "parameter": {
            "k": 20
        },
        "median_threshold": 0.002003,
        "mean_cvacc_train": 0.718421,
        "mean_cvacc_test": 0.66,
        "all_thresholds": [
            0.001917,
            0.002894,
            0.002003,
            0.002003,
            0.002003
        ],
        "all_cvacc_train": [
            0.684211,
            0.684211,
            0.736842,
            0.736842,
            0.75
        ],
        "all_cvacc_test": [
            0.8,
            0.8,
            0.6,
            0.6,
            0.5
        ]
    },
    "all_log_entries": [
        {
            "method": "minK",
            "parameter": {
                "k": 5
            },
            "median_threshold": 5.3e-05,
            "mean_cvacc_train": 0.707895,
            "mean_cvacc_test": 0.62,
            "all_thresholds": [
                5.3e-05,
                1.4e-05,
                5.3e-05,
                5.1e-05,
                5.3e-05
            ],
            "all_cvacc_train": [
                0.736842,
                0.631579,
                0.736842,
                0.684211,
                0.75
            ],
            "all_cvacc_test": [
                0.6,
                0.6,
                0.6,
                0.8,
                0.5
            ]
        },
        {
            "method": "minK",
            "parameter": {
                "k": 10
            },
            "median_threshold": 0.000236,
            "mean_cvacc_train": 0.707895,
            "mean_cvacc_test": 0.62,
            "all_thresholds": [
                0.000236,
                0.000236,
                0.000114,
                0.00024,
                0.000236
            ],
            "all_cvacc_train": [
                0.736842,
                0.631579,
                0.684211,
                0.736842,
                0.75
            ],
            "all_cvacc_test": [
                0.6,
                1.0,
                0.4,
                0.6,
                0.5
            ]
        },
        {
            "method": "minK",
            "parameter": {
                "k": 20
            },
            "median_threshold": 0.002003,
            "mean_cvacc_train": 0.718421,
            "mean_cvacc_test": 0.66,
            "all_thresholds": [
                0.001917,
                0.002894,
                0.002003,
                0.002003,
                0.002003
            ],
            "all_cvacc_train": [
                0.684211,
                0.684211,
                0.736842,
                0.736842,
                0.75
            ],
            "all_cvacc_test": [
                0.8,
                0.8,
                0.6,
                0.6,
                0.5
            ]
        },
        {
            "method": "minK",
            "parameter": {
                "k": 30
            },
            "median_threshold": 0.029139,
            "mean_cvacc_train": 0.760526,
            "mean_cvacc_test": 0.58,
            "all_thresholds": [
                0.029139,
                0.029139,
                0.010273,
                0.032171,
                0.010799
            ],
            "all_cvacc_train": [
                0.789474,
                0.736842,
                0.736842,
                0.789474,
                0.75
            ],
            "all_cvacc_test": [
                0.6,
                0.8,
                0.6,
                0.4,
                0.5
            ]
        },
        {
            "method": "minK",
            "parameter": {
                "k": 40
            },
            "median_threshold": 0.081645,
            "mean_cvacc_train": 0.760526,
            "mean_cvacc_test": 0.58,
            "all_thresholds": [
                0.081645,
                0.081645,
                0.035126,
                0.09239,
                0.035126
            ],
            "all_cvacc_train": [
                0.789474,
                0.736842,
                0.736842,
                0.789474,
                0.75
            ],
            "all_cvacc_test": [
                0.6,
                0.8,
                0.6,
                0.4,
                0.5
            ]
        },
        {
            "method": "minK",
            "parameter": {
                "k": 50
            },
            "median_threshold": 0.105269,
            "mean_cvacc_train": 0.739474,
            "mean_cvacc_test": 0.58,
            "all_thresholds": [
                0.105269,
                0.161967,
                0.090709,
                0.18647,
                0.084849
            ],
            "all_cvacc_train": [
                0.736842,
                0.684211,
                0.736842,
                0.789474,
                0.75
            ],
            "all_cvacc_test": [
                0.6,
                0.8,
                0.6,
                0.4,
                0.5
            ]
        }
    ]
}