{
    "model_id": "allenai/OLMo-7B-0724-Instruct-hf",
    "data_name": "MathCONTA_test",
    "datetime": "2025-04-11T12:01:05.451747",
    "method_name": "minK",
    "parameter": {
        "parameter1": 5,
        "parameter2": null,
        "theta": "1.4e-05"
    },
    "metrics": {
        "accuracy": 0.4666666666666667,
        "accuracy_95CI": [
            0.3,
            0.6333333333333333
        ],
        "precision": 0.4827586206896552,
        "recall": 0.9333333333333333,
        "f1_score": 0.6363636363636364,
        "confusion_matrix": [
            [
                0,
                15
            ],
            [
                1,
                14
            ]
        ],
        "mcnemar_b": 0,
        "mcnemar_c": 1,
        "mcnemar_p_value": 1.0
    },
    "n_bootstrap": 1000,
    "seed": 42
}