{
    "model_id": "allenai/OLMo-7B-0724-SFT-hf",
    "data_set": "MathCONTA_full",
    "datetime": "2025-04-05T16:32:17.900850",
    "method_name": "ngram_loglike",
    "parameter_range": {
        "n": "[1, 2, 3, 5, 7]",
        "theta": "optimized"
    },
    "CV_folds": 5,
    "CV_seed": 42,
    "best_log_entry": {
        "method": "ngram_loglike",
        "parameter": {
            "n": 2
        },
        "median_threshold": -3.83733,
        "mean_cvacc_train": 0.707895,
        "mean_cvacc_test": 0.7,
        "all_thresholds": [
            -3.766654,
            -3.83733,
            -3.83733,
            -3.83733,
            -3.936495
        ],
        "all_cvacc_train": [
            0.684211,
            0.631579,
            0.684211,
            0.789474,
            0.75
        ],
        "all_cvacc_test": [
            0.8,
            1.0,
            0.8,
            0.4,
            0.5
        ]
    },
    "all_log_entries": [
        {
            "method": "ngram_loglike",
            "parameter": {
                "n": 1
            },
            "median_threshold": -2.769397,
            "mean_cvacc_train": 0.614737,
            "mean_cvacc_test": 0.37,
            "all_thresholds": [
                -1.967356,
                -1.897059,
                -2.940295,
                -2.940295,
                -2.769397
            ],
            "all_cvacc_train": [
                0.578947,
                0.684211,
                0.631579,
                0.578947,
                0.6
            ],
            "all_cvacc_test": [
                0.6,
                0.0,
                0.4,
                0.6,
                0.25
            ]
        },
        {
            "method": "ngram_loglike",
            "parameter": {
                "n": 2
            },
            "median_threshold": -3.83733,
            "mean_cvacc_train": 0.707895,
            "mean_cvacc_test": 0.7,
            "all_thresholds": [
                -3.766654,
                -3.83733,
                -3.83733,
                -3.83733,
                -3.936495
            ],
            "all_cvacc_train": [
                0.684211,
                0.631579,
                0.684211,
                0.789474,
                0.75
            ],
            "all_cvacc_test": [
                0.8,
                1.0,
                0.8,
                0.4,
                0.5
            ]
        },
        {
            "method": "ngram_loglike",
            "parameter": {
                "n": 3
            },
            "median_threshold": -5.08346,
            "mean_cvacc_train": 0.707895,
            "mean_cvacc_test": 0.66,
            "all_thresholds": [
                -5.08346,
                -4.931487,
                -5.08346,
                -5.08346,
                -5.11805
            ],
            "all_cvacc_train": [
                0.736842,
                0.631579,
                0.736842,
                0.684211,
                0.75
            ],
            "all_cvacc_test": [
                0.6,
                0.8,
                0.6,
                0.8,
                0.5
            ]
        },
        {
            "method": "ngram_loglike",
            "parameter": {
                "n": 5
            },
            "median_threshold": -10.068143,
            "mean_cvacc_train": 0.707895,
            "mean_cvacc_test": 0.7,
            "all_thresholds": [
                -10.068143,
                -9.840661,
                -10.068143,
                -10.068143,
                -10.068143
            ],
            "all_cvacc_train": [
                0.684211,
                0.684211,
                0.684211,
                0.736842,
                0.75
            ],
            "all_cvacc_test": [
                0.8,
                0.8,
                0.8,
                0.6,
                0.5
            ]
        },
        {
            "method": "ngram_loglike",
            "parameter": {
                "n": 7
            },
            "median_threshold": -10.941038,
            "mean_cvacc_train": 0.739474,
            "mean_cvacc_test": 0.53,
            "all_thresholds": [
                -10.941038,
                -10.663494,
                -13.706174,
                -10.941038,
                -13.769569
            ],
            "all_cvacc_train": [
                0.736842,
                0.684211,
                0.736842,
                0.789474,
                0.75
            ],
            "all_cvacc_test": [
                0.6,
                0.8,
                0.6,
                0.4,
                0.25
            ]
        }
    ]
}