{
    "model_id": "allenai/OLMo-7B-0724-SFT-hf",
    "data_set": "MathCONTA_full",
    "datetime": "2025-04-05T16:32:27.985140",
    "method_name": "ngram_loglike",
    "parameter_range": {
        "n": "[1, 2, 3, 5, 7]",
        "theta": "optimized"
    },
    "CV_folds": 5,
    "CV_seed": 42,
    "best_log_entry": {
        "method": "ngram_loglike",
        "parameter": {
            "n": 2
        },
        "median_threshold": -3.149735,
        "mean_cvacc_train": 0.750493,
        "mean_cvacc_test": 0.671429,
        "all_thresholds": [
            -3.149735,
            -3.193138,
            -3.647586,
            -3.149735,
            -3.149735
        ],
        "all_cvacc_train": [
            0.821429,
            0.758621,
            0.724138,
            0.724138,
            0.724138
        ],
        "all_cvacc_test": [
            0.5,
            0.571429,
            0.571429,
            0.857143,
            0.857143
        ]
    },
    "all_log_entries": [
        {
            "method": "ngram_loglike",
            "parameter": {
                "n": 1
            },
            "median_threshold": -1.727591,
            "mean_cvacc_train": 0.548522,
            "mean_cvacc_test": 0.385714,
            "all_thresholds": [
                -2.468024,
                -2.468024,
                -1.593388,
                -0.701736,
                -1.727591
            ],
            "all_cvacc_train": [
                0.535714,
                0.517241,
                0.551724,
                0.551724,
                0.586207
            ],
            "all_cvacc_test": [
                0.5,
                0.571429,
                0.285714,
                0.428571,
                0.142857
            ]
        },
        {
            "method": "ngram_loglike",
            "parameter": {
                "n": 2
            },
            "median_threshold": -3.149735,
            "mean_cvacc_train": 0.750493,
            "mean_cvacc_test": 0.671429,
            "all_thresholds": [
                -3.149735,
                -3.193138,
                -3.647586,
                -3.149735,
                -3.149735
            ],
            "all_cvacc_train": [
                0.821429,
                0.758621,
                0.724138,
                0.724138,
                0.724138
            ],
            "all_cvacc_test": [
                0.5,
                0.571429,
                0.571429,
                0.857143,
                0.857143
            ]
        },
        {
            "method": "ngram_loglike",
            "parameter": {
                "n": 3
            },
            "median_threshold": -3.054773,
            "mean_cvacc_train": 0.583251,
            "mean_cvacc_test": 0.525,
            "all_thresholds": [
                -3.054773,
                -3.083139,
                -3.054773,
                -3.054773,
                -5.984784
            ],
            "all_cvacc_train": [
                0.571429,
                0.586207,
                0.62069,
                0.586207,
                0.551724
            ],
            "all_cvacc_test": [
                0.625,
                0.571429,
                0.428571,
                0.571429,
                0.428571
            ]
        },
        {
            "method": "ngram_loglike",
            "parameter": {
                "n": 5
            },
            "median_threshold": -8.395694,
            "mean_cvacc_train": 0.590148,
            "mean_cvacc_test": 0.528571,
            "all_thresholds": [
                -8.538655,
                -8.395694,
                -8.395694,
                -8.048267,
                -8.395694
            ],
            "all_cvacc_train": [
                0.571429,
                0.586207,
                0.586207,
                0.62069,
                0.586207
            ],
            "all_cvacc_test": [
                0.5,
                0.571429,
                0.571429,
                0.428571,
                0.571429
            ]
        },
        {
            "method": "ngram_loglike",
            "parameter": {
                "n": 7
            },
            "median_threshold": -11.690689,
            "mean_cvacc_train": 0.652709,
            "mean_cvacc_test": 0.553571,
            "all_thresholds": [
                -11.690689,
                -11.690689,
                -10.047717,
                -11.690689,
                -9.934956
            ],
            "all_cvacc_train": [
                0.642857,
                0.62069,
                0.655172,
                0.655172,
                0.689655
            ],
            "all_cvacc_test": [
                0.625,
                0.714286,
                0.571429,
                0.571429,
                0.285714
            ]
        }
    ]
}