{
    "model_id": "allenai/OLMo-7B-0724-SFT-hf",
    "data_set": "MathCONTA_full",
    "datetime": "2025-04-05T16:30:39.455217",
    "method_name": "ngram_loglike",
    "parameter_range": {
        "n": "[1, 2, 3, 5, 7]",
        "theta": "optimized"
    },
    "CV_folds": 5,
    "CV_seed": 42,
    "best_log_entry": {
        "method": "ngram_loglike",
        "parameter": {
            "n": 5
        },
        "median_threshold": -10.158558,
        "mean_cvacc_train": 0.56,
        "mean_cvacc_test": 0.55,
        "all_thresholds": [
            -10.158558,
            -10.158558,
            -10.158558,
            -10.068143,
            -10.634653
        ],
        "all_cvacc_train": [
            0.5875,
            0.5625,
            0.5375,
            0.55,
            0.5625
        ],
        "all_cvacc_test": [
            0.45,
            0.55,
            0.65,
            0.6,
            0.5
        ]
    },
    "all_log_entries": [
        {
            "method": "ngram_loglike",
            "parameter": {
                "n": 1
            },
            "median_threshold": -1.996363,
            "mean_cvacc_train": 0.5425,
            "mean_cvacc_test": 0.47,
            "all_thresholds": [
                -1.996363,
                -3.047637,
                -0.701736,
                -0.701736,
                -2.02268
            ],
            "all_cvacc_train": [
                0.55,
                0.5375,
                0.5375,
                0.5375,
                0.55
            ],
            "all_cvacc_test": [
                0.4,
                0.45,
                0.55,
                0.55,
                0.4
            ]
        },
        {
            "method": "ngram_loglike",
            "parameter": {
                "n": 2
            },
            "median_threshold": -3.147388,
            "mean_cvacc_train": 0.625,
            "mean_cvacc_test": 0.53,
            "all_thresholds": [
                -3.6783,
                -3.147388,
                -3.147388,
                -3.670815,
                -3.147388
            ],
            "all_cvacc_train": [
                0.6375,
                0.65,
                0.5875,
                0.625,
                0.625
            ],
            "all_cvacc_test": [
                0.45,
                0.45,
                0.7,
                0.5,
                0.55
            ]
        },
        {
            "method": "ngram_loglike",
            "parameter": {
                "n": 3
            },
            "median_threshold": -3.230705,
            "mean_cvacc_train": 0.545,
            "mean_cvacc_test": 0.47,
            "all_thresholds": [
                -6.151605,
                -6.543232,
                -3.230705,
                -3.230705,
                -3.230705
            ],
            "all_cvacc_train": [
                0.5375,
                0.5375,
                0.525,
                0.55,
                0.575
            ],
            "all_cvacc_test": [
                0.4,
                0.45,
                0.6,
                0.5,
                0.4
            ]
        },
        {
            "method": "ngram_loglike",
            "parameter": {
                "n": 5
            },
            "median_threshold": -10.158558,
            "mean_cvacc_train": 0.56,
            "mean_cvacc_test": 0.55,
            "all_thresholds": [
                -10.158558,
                -10.158558,
                -10.158558,
                -10.068143,
                -10.634653
            ],
            "all_cvacc_train": [
                0.5875,
                0.5625,
                0.5375,
                0.55,
                0.5625
            ],
            "all_cvacc_test": [
                0.45,
                0.55,
                0.65,
                0.6,
                0.5
            ]
        },
        {
            "method": "ngram_loglike",
            "parameter": {
                "n": 7
            },
            "median_threshold": -13.732154,
            "mean_cvacc_train": 0.57,
            "mean_cvacc_test": 0.51,
            "all_thresholds": [
                -13.732154,
                -13.795548,
                -13.732154,
                -12.055191,
                -12.055191
            ],
            "all_cvacc_train": [
                0.575,
                0.5625,
                0.55,
                0.575,
                0.5875
            ],
            "all_cvacc_test": [
                0.5,
                0.5,
                0.6,
                0.5,
                0.45
            ]
        }
    ]
}