{
    "model_id": "allenai/OLMo-7B-0724-SFT-hf",
    "data_set": "MathCONTA_train_full",
    "datetime": "2025-04-11T16:45:36.934455",
    "method_name": "ngram_loglike",
    "parameter_range": {
        "n": "[1, 2, 3, 5, 7]",
        "theta": "optimized"
    },
    "CV_folds": 5,
    "CV_seed": 42,
    "best_log_entry": {
        "method": "ngram_loglike",
        "parameter": {
            "n": 2
        },
        "global_threshold": -3.6783,
        "median_threshold": -3.6783,
        "mean_cvacc_train": 0.614286,
        "mean_cvacc_test": 0.614286,
        "all_thresholds": [
            -3.6783,
            -3.670815,
            -3.688637,
            -3.6783,
            -3.6783
        ],
        "all_cvacc_train": [
            0.642857,
            0.589286,
            0.625,
            0.589286,
            0.625
        ],
        "all_cvacc_test": [
            0.5,
            0.714286,
            0.571429,
            0.714286,
            0.571429
        ]
    },
    "all_log_entries": [
        {
            "method": "ngram_loglike",
            "parameter": {
                "n": 1
            },
            "global_threshold": -1.704932,
            "median_threshold": -1.704932,
            "mean_cvacc_train": 0.567857,
            "mean_cvacc_test": 0.5,
            "all_thresholds": [
                -1.704932,
                -1.566992,
                -1.704932,
                -0.820775,
                -1.711416
            ],
            "all_cvacc_train": [
                0.553571,
                0.589286,
                0.589286,
                0.553571,
                0.553571
            ],
            "all_cvacc_test": [
                0.571429,
                0.428571,
                0.428571,
                0.5,
                0.571429
            ]
        },
        {
            "method": "ngram_loglike",
            "parameter": {
                "n": 2
            },
            "global_threshold": -3.6783,
            "median_threshold": -3.6783,
            "mean_cvacc_train": 0.614286,
            "mean_cvacc_test": 0.614286,
            "all_thresholds": [
                -3.6783,
                -3.670815,
                -3.688637,
                -3.6783,
                -3.6783
            ],
            "all_cvacc_train": [
                0.642857,
                0.589286,
                0.625,
                0.589286,
                0.625
            ],
            "all_cvacc_test": [
                0.5,
                0.714286,
                0.571429,
                0.714286,
                0.571429
            ]
        },
        {
            "method": "ngram_loglike",
            "parameter": {
                "n": 3
            },
            "global_threshold": -5.036707,
            "median_threshold": -5.036707,
            "mean_cvacc_train": 0.564286,
            "mean_cvacc_test": 0.471429,
            "all_thresholds": [
                -5.036707,
                -3.230705,
                -5.036707,
                -8.425146,
                -5.048625
            ],
            "all_cvacc_train": [
                0.589286,
                0.571429,
                0.571429,
                0.517857,
                0.571429
            ],
            "all_cvacc_test": [
                0.428571,
                0.428571,
                0.5,
                0.571429,
                0.428571
            ]
        },
        {
            "method": "ngram_loglike",
            "parameter": {
                "n": 5
            },
            "global_threshold": -10.158558,
            "median_threshold": -10.158558,
            "mean_cvacc_train": 0.575,
            "mean_cvacc_test": 0.542857,
            "all_thresholds": [
                -10.158558,
                -9.213398,
                -10.158558,
                -10.158558,
                -10.158558
            ],
            "all_cvacc_train": [
                0.589286,
                0.553571,
                0.607143,
                0.553571,
                0.571429
            ],
            "all_cvacc_test": [
                0.5,
                0.571429,
                0.428571,
                0.642857,
                0.571429
            ]
        },
        {
            "method": "ngram_loglike",
            "parameter": {
                "n": 7
            },
            "global_threshold": -13.732154,
            "median_threshold": -11.419628,
            "mean_cvacc_train": 0.592857,
            "mean_cvacc_test": 0.457143,
            "all_thresholds": [
                -13.926054,
                -9.086529,
                -13.732154,
                -11.419628,
                -9.317751
            ],
            "all_cvacc_train": [
                0.607143,
                0.607143,
                0.589286,
                0.589286,
                0.571429
            ],
            "all_cvacc_test": [
                0.357143,
                0.357143,
                0.5,
                0.5,
                0.571429
            ]
        }
    ]
}