{
    "model_id": "deepseek-ai/deepseek-math-7b-instruct",
    "data_set": "MathCONTA_full_temp0",
    "datetime": "2025-04-05T16:10:20.995937",
    "method_name": "ngram_acc",
    "parameter_range": {
        "n": "[1, 2, 3, 5, 7]",
        "theta": "optimized"
    },
    "CV_folds": 5,
    "CV_seed": 42,
    "best_log_entry": {
        "method": "ngram_acc",
        "parameter": {
            "n": 2
        },
        "median_threshold": 0.525,
        "mean_cvacc_train": 0.694335,
        "mean_cvacc_test": 0.692857,
        "all_thresholds": [
            0.525,
            0.525,
            0.525,
            0.525,
            0.525
        ],
        "all_cvacc_train": [
            0.678571,
            0.724138,
            0.724138,
            0.689655,
            0.655172
        ],
        "all_cvacc_test": [
            0.75,
            0.571429,
            0.571429,
            0.714286,
            0.857143
        ]
    },
    "all_log_entries": [
        {
            "method": "ngram_acc",
            "parameter": {
                "n": 1
            },
            "median_threshold": 0.7,
            "mean_cvacc_train": 0.701478,
            "mean_cvacc_test": 0.667857,
            "all_thresholds": [
                0.7,
                0.675,
                0.675,
                0.725,
                0.7
            ],
            "all_cvacc_train": [
                0.714286,
                0.689655,
                0.689655,
                0.724138,
                0.689655
            ],
            "all_cvacc_test": [
                0.625,
                0.714286,
                0.714286,
                0.571429,
                0.714286
            ]
        },
        {
            "method": "ngram_acc",
            "parameter": {
                "n": 2
            },
            "median_threshold": 0.525,
            "mean_cvacc_train": 0.694335,
            "mean_cvacc_test": 0.692857,
            "all_thresholds": [
                0.525,
                0.525,
                0.525,
                0.525,
                0.525
            ],
            "all_cvacc_train": [
                0.678571,
                0.724138,
                0.724138,
                0.689655,
                0.655172
            ],
            "all_cvacc_test": [
                0.75,
                0.571429,
                0.571429,
                0.714286,
                0.857143
            ]
        },
        {
            "method": "ngram_acc",
            "parameter": {
                "n": 3
            },
            "median_threshold": 0.35,
            "mean_cvacc_train": 0.666749,
            "mean_cvacc_test": 0.667857,
            "all_thresholds": [
                0.35,
                0.35,
                0.325,
                0.325,
                0.35
            ],
            "all_cvacc_train": [
                0.678571,
                0.655172,
                0.689655,
                0.62069,
                0.689655
            ],
            "all_cvacc_test": [
                0.625,
                0.714286,
                0.571429,
                0.857143,
                0.571429
            ]
        },
        {
            "method": "ngram_acc",
            "parameter": {
                "n": 5
            },
            "median_threshold": 0.325,
            "mean_cvacc_train": 0.694335,
            "mean_cvacc_test": 0.664286,
            "all_thresholds": [
                0.35,
                0.3,
                0.325,
                0.325,
                0.325
            ],
            "all_cvacc_train": [
                0.678571,
                0.689655,
                0.724138,
                0.689655,
                0.689655
            ],
            "all_cvacc_test": [
                0.75,
                0.571429,
                0.571429,
                0.714286,
                0.714286
            ]
        },
        {
            "method": "ngram_acc",
            "parameter": {
                "n": 7
            },
            "median_threshold": 0.15,
            "mean_cvacc_train": 0.680542,
            "mean_cvacc_test": 0.610714,
            "all_thresholds": [
                0.25,
                0.125,
                0.15,
                0.25,
                0.125
            ],
            "all_cvacc_train": [
                0.678571,
                0.655172,
                0.689655,
                0.689655,
                0.689655
            ],
            "all_cvacc_test": [
                0.625,
                0.714286,
                0.571429,
                0.571429,
                0.571429
            ]
        }
    ]
}