{
    "model_id": "deepseek-ai/deepseek-math-7b-instruct",
    "data_set": "MathCONTA_train_full_temp0",
    "datetime": "2025-04-10T16:53:32.693385",
    "method_name": "ngram_acc",
    "parameter_range": {
        "n": "[1, 2, 3, 5, 7]",
        "theta": "optimized"
    },
    "CV_folds": 5,
    "CV_seed": 42,
    "best_log_entry": {
        "method": "ngram_acc",
        "parameter": {
            "n": 3
        },
        "global_threshold": 0.375,
        "median_threshold": 0.375,
        "mean_cvacc_train": 0.657143,
        "mean_cvacc_test": 0.628571,
        "all_thresholds": [
            0.325,
            0.4,
            0.375,
            0.4,
            0.35
        ],
        "all_cvacc_train": [
            0.642857,
            0.642857,
            0.678571,
            0.660714,
            0.660714
        ],
        "all_cvacc_test": [
            0.642857,
            0.714286,
            0.571429,
            0.642857,
            0.571429
        ]
    },
    "all_log_entries": [
        {
            "method": "ngram_acc",
            "parameter": {
                "n": 1
            },
            "global_threshold": 0.65,
            "median_threshold": 0.65,
            "mean_cvacc_train": 0.667857,
            "mean_cvacc_test": 0.585714,
            "all_thresholds": [
                0.6,
                0.675,
                0.625,
                0.675,
                0.65
            ],
            "all_cvacc_train": [
                0.678571,
                0.678571,
                0.678571,
                0.642857,
                0.660714
            ],
            "all_cvacc_test": [
                0.428571,
                0.571429,
                0.571429,
                0.714286,
                0.642857
            ]
        },
        {
            "method": "ngram_acc",
            "parameter": {
                "n": 2
            },
            "global_threshold": 0.45,
            "median_threshold": 0.45,
            "mean_cvacc_train": 0.667857,
            "mean_cvacc_test": 0.585714,
            "all_thresholds": [
                0.45,
                0.425,
                0.55,
                0.525,
                0.425
            ],
            "all_cvacc_train": [
                0.678571,
                0.625,
                0.678571,
                0.660714,
                0.696429
            ],
            "all_cvacc_test": [
                0.571429,
                0.785714,
                0.5,
                0.571429,
                0.5
            ]
        },
        {
            "method": "ngram_acc",
            "parameter": {
                "n": 3
            },
            "global_threshold": 0.375,
            "median_threshold": 0.375,
            "mean_cvacc_train": 0.657143,
            "mean_cvacc_test": 0.628571,
            "all_thresholds": [
                0.325,
                0.4,
                0.375,
                0.4,
                0.35
            ],
            "all_cvacc_train": [
                0.642857,
                0.642857,
                0.678571,
                0.660714,
                0.660714
            ],
            "all_cvacc_test": [
                0.642857,
                0.714286,
                0.571429,
                0.642857,
                0.571429
            ]
        },
        {
            "method": "ngram_acc",
            "parameter": {
                "n": 5
            },
            "global_threshold": 0.25,
            "median_threshold": 0.225,
            "mean_cvacc_train": 0.632143,
            "mean_cvacc_test": 0.585714,
            "all_thresholds": [
                0.2,
                0.225,
                0.175,
                0.225,
                0.225
            ],
            "all_cvacc_train": [
                0.625,
                0.607143,
                0.660714,
                0.642857,
                0.625
            ],
            "all_cvacc_test": [
                0.571429,
                0.714286,
                0.428571,
                0.571429,
                0.642857
            ]
        },
        {
            "method": "ngram_acc",
            "parameter": {
                "n": 7
            },
            "global_threshold": 0.125,
            "median_threshold": 0.15,
            "mean_cvacc_train": 0.646429,
            "mean_cvacc_test": 0.6,
            "all_thresholds": [
                0.225,
                0.15,
                0.125,
                0.15,
                0.125
            ],
            "all_cvacc_train": [
                0.642857,
                0.571429,
                0.714286,
                0.660714,
                0.642857
            ],
            "all_cvacc_test": [
                0.5,
                0.928571,
                0.357143,
                0.571429,
                0.642857
            ]
        }
    ]
}