{
    "model_id": "EleutherAI/llemma_7b",
    "data_name": "MathCONTA_test_full_temp0",
    "datetime": "2025-04-11T15:58:12.797909",
    "method_name": "ngram_acc",
    "parameter": {
        "parameter1": 1,
        "parameter2": null,
        "theta": "0.625"
    },
    "metrics": {
        "accuracy": 0.43333333333333335,
        "accuracy_95CI": [
            0.26666666666666666,
            0.6333333333333333
        ],
        "precision": 0.45454545454545453,
        "recall": 0.6666666666666666,
        "f1_score": 0.5405405405405406,
        "confusion_matrix": [
            [
                3,
                12
            ],
            [
                5,
                10
            ]
        ],
        "mcnemar_b": 3,
        "mcnemar_c": 5,
        "mcnemar_p_value": 0.7265625
    },
    "n_bootstrap": 1000,
    "seed": 42
}