{
    "model_id": "EleutherAI/llemma_7b",
    "data_set": "MathCONTA_train_full_temp0",
    "datetime": "2025-04-11T15:57:20.097783",
    "method_name": "ngram_acc",
    "parameter_range": {
        "n": "[1, 2, 3, 5, 7]",
        "theta": "optimized"
    },
    "CV_folds": 5,
    "CV_seed": 42,
    "best_log_entry": {
        "method": "ngram_acc",
        "parameter": {
            "n": 1
        },
        "global_threshold": 0.625,
        "median_threshold": 0.625,
        "mean_cvacc_train": 0.717857,
        "mean_cvacc_test": 0.657143,
        "all_thresholds": [
            0.625,
            0.6,
            0.65,
            0.7,
            0.625
        ],
        "all_cvacc_train": [
            0.767857,
            0.660714,
            0.714286,
            0.714286,
            0.732143
        ],
        "all_cvacc_test": [
            0.5,
            0.785714,
            0.714286,
            0.642857,
            0.642857
        ]
    },
    "all_log_entries": [
        {
            "method": "ngram_acc",
            "parameter": {
                "n": 1
            },
            "global_threshold": 0.625,
            "median_threshold": 0.625,
            "mean_cvacc_train": 0.717857,
            "mean_cvacc_test": 0.657143,
            "all_thresholds": [
                0.625,
                0.6,
                0.65,
                0.7,
                0.625
            ],
            "all_cvacc_train": [
                0.767857,
                0.660714,
                0.714286,
                0.714286,
                0.732143
            ],
            "all_cvacc_test": [
                0.5,
                0.785714,
                0.714286,
                0.642857,
                0.642857
            ]
        },
        {
            "method": "ngram_acc",
            "parameter": {
                "n": 2
            },
            "global_threshold": 0.5,
            "median_threshold": 0.4,
            "mean_cvacc_train": 0.7,
            "mean_cvacc_test": 0.642857,
            "all_thresholds": [
                0.45,
                0.4,
                0.475,
                0.375,
                0.375
            ],
            "all_cvacc_train": [
                0.732143,
                0.660714,
                0.732143,
                0.696429,
                0.678571
            ],
            "all_cvacc_test": [
                0.5,
                0.785714,
                0.571429,
                0.642857,
                0.714286
            ]
        },
        {
            "method": "ngram_acc",
            "parameter": {
                "n": 3
            },
            "global_threshold": 0.325,
            "median_threshold": 0.375,
            "mean_cvacc_train": 0.653571,
            "mean_cvacc_test": 0.571429,
            "all_thresholds": [
                0.375,
                0.225,
                0.35,
                0.375,
                0.525
            ],
            "all_cvacc_train": [
                0.642857,
                0.625,
                0.696429,
                0.642857,
                0.660714
            ],
            "all_cvacc_test": [
                0.642857,
                0.571429,
                0.428571,
                0.642857,
                0.571429
            ]
        },
        {
            "method": "ngram_acc",
            "parameter": {
                "n": 5
            },
            "global_threshold": 0.325,
            "median_threshold": 0.325,
            "mean_cvacc_train": 0.671429,
            "mean_cvacc_test": 0.614286,
            "all_thresholds": [
                0.325,
                0.325,
                0.275,
                0.275,
                0.325
            ],
            "all_cvacc_train": [
                0.678571,
                0.660714,
                0.732143,
                0.625,
                0.660714
            ],
            "all_cvacc_test": [
                0.642857,
                0.714286,
                0.285714,
                0.714286,
                0.714286
            ]
        },
        {
            "method": "ngram_acc",
            "parameter": {
                "n": 7
            },
            "global_threshold": 0.125,
            "median_threshold": 0.05,
            "mean_cvacc_train": 0.610714,
            "mean_cvacc_test": 0.514286,
            "all_thresholds": [
                0.125,
                0.05,
                0.2,
                0.05,
                0.05
            ],
            "all_cvacc_train": [
                0.660714,
                0.571429,
                0.660714,
                0.571429,
                0.589286
            ],
            "all_cvacc_test": [
                0.357143,
                0.642857,
                0.357143,
                0.642857,
                0.571429
            ]
        }
    ]
}