{
    "model_id": "allenai/OLMo-7B-0724-Instruct-hf",
    "data_set": "MathCONTA_full",
    "datetime": "2025-04-05T16:40:27.100242",
    "method_name": "ngram_loglike",
    "parameter_range": {
        "n": "[1, 2, 3, 5, 7]",
        "theta": "optimized"
    },
    "CV_folds": 5,
    "CV_seed": 42,
    "best_log_entry": {
        "method": "ngram_loglike",
        "parameter": {
            "n": 7
        },
        "median_threshold": -13.128823,
        "mean_cvacc_train": 0.55,
        "mean_cvacc_test": 0.55,
        "all_thresholds": [
            -13.128823,
            -13.128823,
            -13.034399,
            -13.203252,
            -13.128823
        ],
        "all_cvacc_train": [
            0.5,
            0.625,
            0.625,
            0.4375,
            0.5625
        ],
        "all_cvacc_test": [
            0.75,
            0.25,
            0.25,
            1.0,
            0.5
        ]
    },
    "all_log_entries": [
        {
            "method": "ngram_loglike",
            "parameter": {
                "n": 1
            },
            "median_threshold": -1.352978,
            "mean_cvacc_train": 0.625,
            "mean_cvacc_test": 0.4,
            "all_thresholds": [
                -1.244189,
                -1.352978,
                -1.352978,
                -1.858427,
                -1.453299
            ],
            "all_cvacc_train": [
                0.6875,
                0.5625,
                0.625,
                0.5625,
                0.6875
            ],
            "all_cvacc_test": [
                0.25,
                0.75,
                0.5,
                0.5,
                0.0
            ]
        },
        {
            "method": "ngram_loglike",
            "parameter": {
                "n": 2
            },
            "median_threshold": -4.822219,
            "mean_cvacc_train": 0.5625,
            "mean_cvacc_test": 0.5,
            "all_thresholds": [
                -4.822219,
                -4.822219,
                -4.722227,
                -1.855227,
                -4.822219
            ],
            "all_cvacc_train": [
                0.5625,
                0.5625,
                0.5625,
                0.5625,
                0.5625
            ],
            "all_cvacc_test": [
                0.5,
                0.5,
                0.5,
                0.5,
                0.5
            ]
        },
        {
            "method": "ngram_loglike",
            "parameter": {
                "n": 3
            },
            "median_threshold": -5.381725,
            "mean_cvacc_train": 0.2375,
            "mean_cvacc_test": 0.25,
            "all_thresholds": [
                -5.381725,
                -5.375005,
                -5.381725,
                -5.012428,
                -5.381725
            ],
            "all_cvacc_train": [
                0.3125,
                0.25,
                0.25,
                0.125,
                0.25
            ],
            "all_cvacc_test": [
                0.0,
                0.25,
                0.25,
                0.5,
                0.25
            ]
        },
        {
            "method": "ngram_loglike",
            "parameter": {
                "n": 5
            },
            "median_threshold": -10.511813,
            "mean_cvacc_train": 0.5375,
            "mean_cvacc_test": 0.5,
            "all_thresholds": [
                -10.511813,
                -10.511813,
                -8.583311,
                -10.511813,
                -10.390228
            ],
            "all_cvacc_train": [
                0.5625,
                0.5625,
                0.4375,
                0.5625,
                0.5625
            ],
            "all_cvacc_test": [
                0.5,
                0.5,
                0.5,
                0.5,
                0.5
            ]
        },
        {
            "method": "ngram_loglike",
            "parameter": {
                "n": 7
            },
            "median_threshold": -13.128823,
            "mean_cvacc_train": 0.55,
            "mean_cvacc_test": 0.55,
            "all_thresholds": [
                -13.128823,
                -13.128823,
                -13.034399,
                -13.203252,
                -13.128823
            ],
            "all_cvacc_train": [
                0.5,
                0.625,
                0.625,
                0.4375,
                0.5625
            ],
            "all_cvacc_test": [
                0.75,
                0.25,
                0.25,
                1.0,
                0.5
            ]
        }
    ]
}