{
    "model_id": "allenai/OLMo-7B-0724-Instruct-hf",
    "data_set": "MathCONTA_train_full",
    "datetime": "2025-04-11T17:18:06.556680",
    "method_name": "ngram_loglike",
    "parameter_range": {
        "n": "[1, 2, 3, 5, 7]",
        "theta": "optimized"
    },
    "CV_folds": 5,
    "CV_seed": 42,
    "best_log_entry": {
        "method": "ngram_loglike",
        "parameter": {
            "n": 5
        },
        "global_threshold": -10.294048,
        "median_threshold": -10.294048,
        "mean_cvacc_train": 0.6,
        "mean_cvacc_test": 0.585714,
        "all_thresholds": [
            -10.275716,
            -10.294048,
            -10.294048,
            -10.749836,
            -10.294048
        ],
        "all_cvacc_train": [
            0.625,
            0.589286,
            0.625,
            0.571429,
            0.589286
        ],
        "all_cvacc_test": [
            0.5,
            0.642857,
            0.5,
            0.642857,
            0.642857
        ]
    },
    "all_log_entries": [
        {
            "method": "ngram_loglike",
            "parameter": {
                "n": 1
            },
            "global_threshold": -1.330648,
            "median_threshold": -2.052926,
            "mean_cvacc_train": 0.6,
            "mean_cvacc_test": 0.442857,
            "all_thresholds": [
                -1.372717,
                -1.330648,
                -2.052926,
                -3.304764,
                -2.052926
            ],
            "all_cvacc_train": [
                0.625,
                0.678571,
                0.607143,
                0.535714,
                0.553571
            ],
            "all_cvacc_test": [
                0.357143,
                0.214286,
                0.428571,
                0.571429,
                0.642857
            ]
        },
        {
            "method": "ngram_loglike",
            "parameter": {
                "n": 2
            },
            "global_threshold": -4.969346,
            "median_threshold": -4.969346,
            "mean_cvacc_train": 0.575,
            "mean_cvacc_test": 0.514286,
            "all_thresholds": [
                -4.969346,
                -4.204043,
                -4.969346,
                -4.969346,
                -4.969346
            ],
            "all_cvacc_train": [
                0.571429,
                0.571429,
                0.607143,
                0.553571,
                0.571429
            ],
            "all_cvacc_test": [
                0.571429,
                0.357143,
                0.428571,
                0.642857,
                0.571429
            ]
        },
        {
            "method": "ngram_loglike",
            "parameter": {
                "n": 3
            },
            "global_threshold": -4.369009,
            "median_threshold": -4.369009,
            "mean_cvacc_train": 0.610714,
            "mean_cvacc_test": 0.542857,
            "all_thresholds": [
                -4.369009,
                -4.35629,
                -4.369009,
                -4.369009,
                -5.125223
            ],
            "all_cvacc_train": [
                0.607143,
                0.625,
                0.642857,
                0.571429,
                0.607143
            ],
            "all_cvacc_test": [
                0.571429,
                0.5,
                0.428571,
                0.714286,
                0.5
            ]
        },
        {
            "method": "ngram_loglike",
            "parameter": {
                "n": 5
            },
            "global_threshold": -10.294048,
            "median_threshold": -10.294048,
            "mean_cvacc_train": 0.6,
            "mean_cvacc_test": 0.585714,
            "all_thresholds": [
                -10.275716,
                -10.294048,
                -10.294048,
                -10.749836,
                -10.294048
            ],
            "all_cvacc_train": [
                0.625,
                0.589286,
                0.625,
                0.571429,
                0.589286
            ],
            "all_cvacc_test": [
                0.5,
                0.642857,
                0.5,
                0.642857,
                0.642857
            ]
        },
        {
            "method": "ngram_loglike",
            "parameter": {
                "n": 7
            },
            "global_threshold": -11.317303,
            "median_threshold": -11.317303,
            "mean_cvacc_train": 0.6,
            "mean_cvacc_test": 0.5,
            "all_thresholds": [
                -11.317303,
                -10.172499,
                -17.387225,
                -11.341958,
                -10.172499
            ],
            "all_cvacc_train": [
                0.625,
                0.625,
                0.589286,
                0.553571,
                0.607143
            ],
            "all_cvacc_test": [
                0.428571,
                0.428571,
                0.428571,
                0.714286,
                0.5
            ]
        }
    ]
}