{
    "model_id": "deepseek-ai/deepseek-math-7b-instruct",
    "data_set": "MathCONTA_full",
    "datetime": "2025-04-05T16:48:15.968500",
    "method_name": "ngram_loglike",
    "parameter_range": {
        "n": "[1, 2, 3, 5, 7]",
        "theta": "optimized"
    },
    "CV_folds": 5,
    "CV_seed": 42,
    "best_log_entry": {
        "method": "ngram_loglike",
        "parameter": {
            "n": 7
        },
        "median_threshold": -9.955922,
        "mean_cvacc_train": 0.749474,
        "mean_cvacc_test": 0.7,
        "all_thresholds": [
            -9.955922,
            -8.967929,
            -10.113626,
            -9.955922,
            -9.955922
        ],
        "all_cvacc_train": [
            0.789474,
            0.684211,
            0.684211,
            0.789474,
            0.8
        ],
        "all_cvacc_test": [
            0.6,
            0.8,
            1.0,
            0.6,
            0.5
        ]
    },
    "all_log_entries": [
        {
            "method": "ngram_loglike",
            "parameter": {
                "n": 1
            },
            "median_threshold": -1.774062,
            "mean_cvacc_train": 0.75,
            "mean_cvacc_test": 0.59,
            "all_thresholds": [
                -1.774062,
                -1.641667,
                -3.038057,
                -1.774062,
                -1.774062
            ],
            "all_cvacc_train": [
                0.789474,
                0.736842,
                0.684211,
                0.789474,
                0.75
            ],
            "all_cvacc_test": [
                0.6,
                0.6,
                0.4,
                0.6,
                0.75
            ]
        },
        {
            "method": "ngram_loglike",
            "parameter": {
                "n": 2
            },
            "median_threshold": -2.564381,
            "mean_cvacc_train": 0.708421,
            "mean_cvacc_test": 0.58,
            "all_thresholds": [
                -2.564381,
                -1.552739,
                -1.552739,
                -3.530879,
                -3.530879
            ],
            "all_cvacc_train": [
                0.736842,
                0.684211,
                0.684211,
                0.736842,
                0.7
            ],
            "all_cvacc_test": [
                0.4,
                0.8,
                0.8,
                0.4,
                0.5
            ]
        },
        {
            "method": "ngram_loglike",
            "parameter": {
                "n": 3
            },
            "median_threshold": -3.451643,
            "mean_cvacc_train": 0.75,
            "mean_cvacc_test": 0.67,
            "all_thresholds": [
                -3.451643,
                -4.707559,
                -3.451643,
                -3.451643,
                -3.451643
            ],
            "all_cvacc_train": [
                0.789474,
                0.736842,
                0.684211,
                0.789474,
                0.75
            ],
            "all_cvacc_test": [
                0.6,
                0.4,
                1.0,
                0.6,
                0.75
            ]
        },
        {
            "method": "ngram_loglike",
            "parameter": {
                "n": 5
            },
            "median_threshold": -8.636543,
            "mean_cvacc_train": 0.77,
            "mean_cvacc_test": 0.57,
            "all_thresholds": [
                -8.636543,
                -10.42759,
                -10.42759,
                -8.636543,
                -6.609885
            ],
            "all_cvacc_train": [
                0.789474,
                0.684211,
                0.736842,
                0.789474,
                0.85
            ],
            "all_cvacc_test": [
                0.6,
                0.8,
                0.6,
                0.6,
                0.25
            ]
        },
        {
            "method": "ngram_loglike",
            "parameter": {
                "n": 7
            },
            "median_threshold": -9.955922,
            "mean_cvacc_train": 0.749474,
            "mean_cvacc_test": 0.7,
            "all_thresholds": [
                -9.955922,
                -8.967929,
                -10.113626,
                -9.955922,
                -9.955922
            ],
            "all_cvacc_train": [
                0.789474,
                0.684211,
                0.684211,
                0.789474,
                0.8
            ],
            "all_cvacc_test": [
                0.6,
                0.8,
                1.0,
                0.6,
                0.5
            ]
        }
    ]
}