{
    "model_id": "deepseek-ai/deepseek-math-7b-instruct",
    "data_set": "MathCONTA_full",
    "datetime": "2025-04-05T16:48:07.691707",
    "method_name": "ngram_loglike",
    "parameter_range": {
        "n": "[1, 2, 3, 5, 7]",
        "theta": "optimized"
    },
    "CV_folds": 5,
    "CV_seed": 42,
    "best_log_entry": {
        "method": "ngram_loglike",
        "parameter": {
            "n": 1
        },
        "median_threshold": -1.376055,
        "mean_cvacc_train": 0.75,
        "mean_cvacc_test": 0.75,
        "all_thresholds": [
            -1.376055,
            -1.388269,
            -1.309248,
            -1.376055,
            -1.376055
        ],
        "all_cvacc_train": [
            0.75,
            0.758621,
            0.724138,
            0.758621,
            0.758621
        ],
        "all_cvacc_test": [
            0.75,
            0.714286,
            0.857143,
            0.714286,
            0.714286
        ]
    },
    "all_log_entries": [
        {
            "method": "ngram_loglike",
            "parameter": {
                "n": 1
            },
            "median_threshold": -1.376055,
            "mean_cvacc_train": 0.75,
            "mean_cvacc_test": 0.75,
            "all_thresholds": [
                -1.376055,
                -1.388269,
                -1.309248,
                -1.376055,
                -1.376055
            ],
            "all_cvacc_train": [
                0.75,
                0.758621,
                0.724138,
                0.758621,
                0.758621
            ],
            "all_cvacc_test": [
                0.75,
                0.714286,
                0.857143,
                0.714286,
                0.714286
            ]
        },
        {
            "method": "ngram_loglike",
            "parameter": {
                "n": 2
            },
            "median_threshold": -2.387423,
            "mean_cvacc_train": 0.75,
            "mean_cvacc_test": 0.664286,
            "all_thresholds": [
                -2.345107,
                -2.387423,
                -2.602306,
                -2.366024,
                -2.837391
            ],
            "all_cvacc_train": [
                0.75,
                0.793103,
                0.689655,
                0.758621,
                0.758621
            ],
            "all_cvacc_test": [
                0.75,
                0.571429,
                0.857143,
                0.714286,
                0.428571
            ]
        },
        {
            "method": "ngram_loglike",
            "parameter": {
                "n": 3
            },
            "median_threshold": -4.398997,
            "mean_cvacc_train": 0.749754,
            "mean_cvacc_test": 0.660714,
            "all_thresholds": [
                -4.37656,
                -5.190291,
                -4.398997,
                -4.263781,
                -4.997301
            ],
            "all_cvacc_train": [
                0.714286,
                0.724138,
                0.758621,
                0.758621,
                0.793103
            ],
            "all_cvacc_test": [
                0.875,
                0.571429,
                0.714286,
                0.714286,
                0.428571
            ]
        },
        {
            "method": "ngram_loglike",
            "parameter": {
                "n": 5
            },
            "median_threshold": -7.57448,
            "mean_cvacc_train": 0.708374,
            "mean_cvacc_test": 0.582143,
            "all_thresholds": [
                -7.129608,
                -7.309025,
                -7.57448,
                -7.57448,
                -7.908331
            ],
            "all_cvacc_train": [
                0.714286,
                0.758621,
                0.689655,
                0.724138,
                0.655172
            ],
            "all_cvacc_test": [
                0.625,
                0.285714,
                0.714286,
                0.571429,
                0.714286
            ]
        },
        {
            "method": "ngram_loglike",
            "parameter": {
                "n": 7
            },
            "median_threshold": -8.929798,
            "mean_cvacc_train": 0.750246,
            "mean_cvacc_test": 0.671429,
            "all_thresholds": [
                -8.929798,
                -8.858843,
                -9.950782,
                -8.858843,
                -9.950782
            ],
            "all_cvacc_train": [
                0.785714,
                0.793103,
                0.758621,
                0.724138,
                0.689655
            ],
            "all_cvacc_test": [
                0.5,
                0.571429,
                0.571429,
                0.857143,
                0.857143
            ]
        }
    ]
}