{
    "model_id": "allenai/OLMo-2-1124-13B-Instruct",
    "data_set": "MathCONTA_train_full",
    "datetime": "2025-04-11T21:21:42.567463",
    "method_name": "ngram_cdd",
    "parameter_range": {
        "n": "[10, 20, 30]",
        "theta": "optimized"
    },
    "CV_folds": 5,
    "CV_seed": 42,
    "best_log_entry": {
        "method": "ngram_cdd",
        "parameter": {
            "n": 10,
            "alpha": 0.3
        },
        "global_threshold": 0.033333,
        "median_threshold": 0.033333,
        "mean_cvacc_train": 0.535714,
        "mean_cvacc_test": 0.514286,
        "all_thresholds": [
            0.036667,
            0.033333,
            0.033333,
            0.033333,
            0.033333
        ],
        "all_cvacc_train": [
            0.571429,
            0.535714,
            0.517857,
            0.517857,
            0.535714
        ],
        "all_cvacc_test": [
            0.428571,
            0.5,
            0.571429,
            0.571429,
            0.5
        ]
    },
    "all_log_entries": [
        {
            "method": "ngram_cdd",
            "parameter": {
                "n": 10,
                "alpha": 0.0
            },
            "global_threshold": 0.08,
            "median_threshold": 0.076667,
            "mean_cvacc_train": 0.503571,
            "mean_cvacc_test": 0.457143,
            "all_thresholds": [
                0.08,
                0.013333,
                0.076667,
                0.013333,
                0.103333
            ],
            "all_cvacc_train": [
                0.517857,
                0.482143,
                0.517857,
                0.482143,
                0.517857
            ],
            "all_cvacc_test": [
                0.428571,
                0.5,
                0.428571,
                0.5,
                0.428571
            ]
        },
        {
            "method": "ngram_cdd",
            "parameter": {
                "n": 10,
                "alpha": 0.1
            },
            "global_threshold": 0.03,
            "median_threshold": 0.03,
            "mean_cvacc_train": 0.514286,
            "mean_cvacc_test": 0.5,
            "all_thresholds": [
                0.03,
                0.03,
                0.03,
                0.006667,
                0.03
            ],
            "all_cvacc_train": [
                0.517857,
                0.517857,
                0.517857,
                0.5,
                0.517857
            ],
            "all_cvacc_test": [
                0.5,
                0.5,
                0.5,
                0.5,
                0.5
            ]
        },
        {
            "method": "ngram_cdd",
            "parameter": {
                "n": 10,
                "alpha": 0.2
            },
            "global_threshold": 0.01,
            "median_threshold": 0.01,
            "mean_cvacc_train": 0.532143,
            "mean_cvacc_test": 0.5,
            "all_thresholds": [
                0.01,
                0.01,
                0.086667,
                0.01,
                0.01
            ],
            "all_cvacc_train": [
                0.535714,
                0.535714,
                0.517857,
                0.535714,
                0.535714
            ],
            "all_cvacc_test": [
                0.5,
                0.5,
                0.5,
                0.5,
                0.5
            ]
        },
        {
            "method": "ngram_cdd",
            "parameter": {
                "n": 10,
                "alpha": 0.3
            },
            "global_threshold": 0.033333,
            "median_threshold": 0.033333,
            "mean_cvacc_train": 0.535714,
            "mean_cvacc_test": 0.514286,
            "all_thresholds": [
                0.036667,
                0.033333,
                0.033333,
                0.033333,
                0.033333
            ],
            "all_cvacc_train": [
                0.571429,
                0.535714,
                0.517857,
                0.517857,
                0.535714
            ],
            "all_cvacc_test": [
                0.428571,
                0.5,
                0.571429,
                0.571429,
                0.5
            ]
        },
        {
            "method": "ngram_cdd",
            "parameter": {
                "n": 20,
                "alpha": 0.0
            },
            "global_threshold": 0.0,
            "median_threshold": 0.073333,
            "mean_cvacc_train": 0.514286,
            "mean_cvacc_test": 0.385714,
            "all_thresholds": [
                0.073333,
                0.0,
                0.08,
                0.0,
                0.47
            ],
            "all_cvacc_train": [
                0.517857,
                0.5,
                0.535714,
                0.5,
                0.517857
            ],
            "all_cvacc_test": [
                0.285714,
                0.5,
                0.214286,
                0.5,
                0.428571
            ]
        },
        {
            "method": "ngram_cdd",
            "parameter": {
                "n": 20,
                "alpha": 0.1
            },
            "global_threshold": 0.096667,
            "median_threshold": 0.093333,
            "mean_cvacc_train": 0.525,
            "mean_cvacc_test": 0.414286,
            "all_thresholds": [
                0.096667,
                0.0,
                0.093333,
                0.0,
                0.486667
            ],
            "all_cvacc_train": [
                0.553571,
                0.5,
                0.553571,
                0.5,
                0.517857
            ],
            "all_cvacc_test": [
                0.357143,
                0.5,
                0.285714,
                0.5,
                0.428571
            ]
        },
        {
            "method": "ngram_cdd",
            "parameter": {
                "n": 20,
                "alpha": 0.2
            },
            "global_threshold": 0.0,
            "median_threshold": 0.016667,
            "mean_cvacc_train": 0.514286,
            "mean_cvacc_test": 0.428571,
            "all_thresholds": [
                0.03,
                0.0,
                0.29,
                0.0,
                0.016667
            ],
            "all_cvacc_train": [
                0.517857,
                0.5,
                0.517857,
                0.5,
                0.535714
            ],
            "all_cvacc_test": [
                0.428571,
                0.5,
                0.357143,
                0.5,
                0.357143
            ]
        },
        {
            "method": "ngram_cdd",
            "parameter": {
                "n": 20,
                "alpha": 0.3
            },
            "global_threshold": 0.01,
            "median_threshold": 0.01,
            "mean_cvacc_train": 0.532143,
            "mean_cvacc_test": 0.5,
            "all_thresholds": [
                0.01,
                0.01,
                0.066667,
                0.01,
                0.01
            ],
            "all_cvacc_train": [
                0.535714,
                0.535714,
                0.517857,
                0.535714,
                0.535714
            ],
            "all_cvacc_test": [
                0.5,
                0.5,
                0.5,
                0.5,
                0.5
            ]
        },
        {
            "method": "ngram_cdd",
            "parameter": {
                "n": 30,
                "alpha": 0.0
            },
            "global_threshold": 0.0,
            "median_threshold": 0.0,
            "mean_cvacc_train": 0.514286,
            "mean_cvacc_test": 0.385714,
            "all_thresholds": [
                0.096667,
                0.0,
                0.02,
                0.0,
                0.0
            ],