{
    "model_id": "deepseek-ai/deepseek-math-7b-instruct",
    "data_name": "MathCONTA_test_full",
    "datetime": "2025-04-10T18:25:16.704338",
    "method_name": "ngram_cdd",
    "parameter": {
        "parameter1": 10,
        "parameter2": 0.0,
        "theta": "0.057"
    },
    "metrics": {
        "accuracy": 0.5333333333333333,
        "accuracy_95CI": [
            0.36583333333333334,
            0.7008333333333325
        ],
        "precision": 0.5333333333333333,
        "recall": 0.5333333333333333,
        "f1_score": 0.5333333333333333,
        "confusion_matrix": [
            [
                8,
                7
            ],
            [
                7,
                8
            ]
        ],
        "mcnemar_b": 8,
        "mcnemar_c": 7,
        "mcnemar_p_value": 1.0
    },
    "n_bootstrap": 1000,
    "seed": 42
}