{
    "model_id": "allenai/OLMo-7B-0724-hf",
    "data_set": "MathCONTA_full",
    "datetime": "2025-04-05T16:46:22.706086",
    "method_name": "ngram_loglike",
    "parameter_range": {
        "n": "[1, 2, 3, 5, 7]",
        "theta": "optimized"
    },
    "CV_folds": 5,
    "CV_seed": 42,
    "best_log_entry": {
        "method": "ngram_loglike",
        "parameter": {
            "n": 3
        },
        "median_threshold": -4.673924,
        "mean_cvacc_train": 0.728818,
        "mean_cvacc_test": 0.689286,
        "all_thresholds": [
            -4.673924,
            -4.673924,
            -4.704662,
            -4.673924,
            -4.383039
        ],
        "all_cvacc_train": [
            0.678571,
            0.724138,
            0.724138,
            0.758621,
            0.758621
        ],
        "all_cvacc_test": [
            0.875,
            0.714286,
            0.714286,
            0.571429,
            0.571429
        ]
    },
    "all_log_entries": [
        {
            "method": "ngram_loglike",
            "parameter": {
                "n": 1
            },
            "median_threshold": -1.259717,
            "mean_cvacc_train": 0.708374,
            "mean_cvacc_test": 0.610714,
            "all_thresholds": [
                -1.259717,
                -1.259717,
                -1.259717,
                -1.415794,
                -1.136669
            ],
            "all_cvacc_train": [
                0.714286,
                0.689655,
                0.724138,
                0.724138,
                0.689655
            ],
            "all_cvacc_test": [
                0.625,
                0.714286,
                0.571429,
                0.428571,
                0.714286
            ]
        },
        {
            "method": "ngram_loglike",
            "parameter": {
                "n": 2
            },
            "median_threshold": -2.689598,
            "mean_cvacc_train": 0.721921,
            "mean_cvacc_test": 0.632143,
            "all_thresholds": [
                -2.689598,
                -2.689598,
                -3.039562,
                -2.678858,
                -2.689598
            ],
            "all_cvacc_train": [
                0.678571,
                0.724138,
                0.689655,
                0.793103,
                0.724138
            ],
            "all_cvacc_test": [
                0.875,
                0.714286,
                0.428571,
                0.428571,
                0.714286
            ]
        },
        {
            "method": "ngram_loglike",
            "parameter": {
                "n": 3
            },
            "median_threshold": -4.673924,
            "mean_cvacc_train": 0.728818,
            "mean_cvacc_test": 0.689286,
            "all_thresholds": [
                -4.673924,
                -4.673924,
                -4.704662,
                -4.673924,
                -4.383039
            ],
            "all_cvacc_train": [
                0.678571,
                0.724138,
                0.724138,
                0.758621,
                0.758621
            ],
            "all_cvacc_test": [
                0.875,
                0.714286,
                0.714286,
                0.571429,
                0.571429
            ]
        },
        {
            "method": "ngram_loglike",
            "parameter": {
                "n": 5
            },
            "median_threshold": -5.763011,
            "mean_cvacc_train": 0.624877,
            "mean_cvacc_test": 0.496429,
            "all_thresholds": [
                -5.763011,
                -5.763011,
                -5.616659,
                -5.763011,
                -7.211295
            ],
            "all_cvacc_train": [
                0.607143,
                0.586207,
                0.62069,
                0.655172,
                0.655172
            ],
            "all_cvacc_test": [
                0.625,
                0.714286,
                0.571429,
                0.428571,
                0.142857
            ]
        },
        {
            "method": "ngram_loglike",
            "parameter": {
                "n": 7
            },
            "median_threshold": -11.218556,
            "mean_cvacc_train": 0.694089,
            "mean_cvacc_test": 0.635714,
            "all_thresholds": [
                -10.855334,
                -11.218556,
                -11.218556,
                -11.218556,
                -11.318447
            ],
            "all_cvacc_train": [
                0.642857,
                0.689655,
                0.655172,
                0.758621,
                0.724138
            ],
            "all_cvacc_test": [
                0.75,
                0.714286,
                0.857143,
                0.428571,
                0.428571
            ]
        }
    ]
}