{
    "model_id": "allenai/OLMo-7B-0724-hf",
    "data_set": "MathCONTA_full",
    "datetime": "2025-04-05T16:46:12.641367",
    "method_name": "ngram_loglike",
    "parameter_range": {
        "n": "[1, 2, 3, 5, 7]",
        "theta": "optimized"
    },
    "CV_folds": 5,
    "CV_seed": 42,
    "best_log_entry": {
        "method": "ngram_loglike",
        "parameter": {
            "n": 5
        },
        "median_threshold": -10.512394,
        "mean_cvacc_train": 0.802105,
        "mean_cvacc_test": 0.75,
        "all_thresholds": [
            -10.5507,
            -10.512394,
            -10.512394,
            -9.294303,
            -10.512394
        ],
        "all_cvacc_train": [
            0.789474,
            0.736842,
            0.842105,
            0.842105,
            0.8
        ],
        "all_cvacc_test": [
            0.8,
            1.0,
            0.6,
            0.6,
            0.75
        ]
    },
    "all_log_entries": [
        {
            "method": "ngram_loglike",
            "parameter": {
                "n": 1
            },
            "median_threshold": -1.864386,
            "mean_cvacc_train": 0.780526,
            "mean_cvacc_test": 0.57,
            "all_thresholds": [
                -1.864386,
                -1.974626,
                -1.974626,
                -1.600078,
                -1.774874
            ],
            "all_cvacc_train": [
                0.789474,
                0.736842,
                0.736842,
                0.789474,
                0.85
            ],
            "all_cvacc_test": [
                0.6,
                0.8,
                0.8,
                0.4,
                0.25
            ]
        },
        {
            "method": "ngram_loglike",
            "parameter": {
                "n": 2
            },
            "median_threshold": -3.218927,
            "mean_cvacc_train": 0.697895,
            "mean_cvacc_test": 0.45,
            "all_thresholds": [
                -2.18569,
                -2.134518,
                -4.869543,
                -3.218927,
                -3.27805
            ],
            "all_cvacc_train": [
                0.736842,
                0.684211,
                0.684211,
                0.684211,
                0.7
            ],
            "all_cvacc_test": [
                0.4,
                0.6,
                0.4,
                0.6,
                0.25
            ]
        },
        {
            "method": "ngram_loglike",
            "parameter": {
                "n": 3
            },
            "median_threshold": -5.114479,
            "mean_cvacc_train": 0.749474,
            "mean_cvacc_test": 0.7,
            "all_thresholds": [
                -5.531577,
                -5.114479,
                -5.114479,
                -5.114479,
                -5.07125
            ],
            "all_cvacc_train": [
                0.736842,
                0.684211,
                0.736842,
                0.789474,
                0.8
            ],
            "all_cvacc_test": [
                0.6,
                1.0,
                0.8,
                0.6,
                0.5
            ]
        },
        {
            "method": "ngram_loglike",
            "parameter": {
                "n": 5
            },
            "median_threshold": -10.512394,
            "mean_cvacc_train": 0.802105,
            "mean_cvacc_test": 0.75,
            "all_thresholds": [
                -10.5507,
                -10.512394,
                -10.512394,
                -9.294303,
                -10.512394
            ],
            "all_cvacc_train": [
                0.789474,
                0.736842,
                0.842105,
                0.842105,
                0.8
            ],
            "all_cvacc_test": [
                0.8,
                1.0,
                0.6,
                0.6,
                0.75
            ]
        },
        {
            "method": "ngram_loglike",
            "parameter": {
                "n": 7
            },
            "median_threshold": -12.233356,
            "mean_cvacc_train": 0.760526,
            "mean_cvacc_test": 0.71,
            "all_thresholds": [
                -12.233356,
                -11.769362,
                -12.233356,
                -12.233356,
                -12.332932
            ],
            "all_cvacc_train": [
                0.736842,
                0.736842,
                0.789474,
                0.789474,
                0.75
            ],
            "all_cvacc_test": [
                0.8,
                0.8,
                0.6,
                0.6,
                0.75
            ]
        }
    ]
}