{
    "model_id": "allenai/OLMo-7B-0724-hf",
    "data_name": "MathCONTA_test_full",
    "datetime": "2025-04-11T16:43:12.916186",
    "method_name": "ngram_loglike",
    "parameter": {
        "parameter1": 3,
        "parameter2": null,
        "theta": "-4.232069"
    },
    "metrics": {
        "accuracy": 0.5,
        "accuracy_95CI": [
            0.3333333333333333,
            0.6666666666666666
        ],
        "precision": 0.5,
        "recall": 0.6666666666666666,
        "f1_score": 0.5714285714285714,
        "confusion_matrix": [
            [
                5,
                10
            ],
            [
                5,
                10
            ]
        ],
        "mcnemar_b": 5,
        "mcnemar_c": 5,
        "mcnemar_p_value": 1.0
    },
    "n_bootstrap": 1000,
    "seed": 42
}