{
    "model_id": "allenai/OLMo-7B-0724-SFT-hf",
    "data_set": "MathCONTA_train_full_temp0",
    "datetime": "2025-04-11T16:01:26.658284",
    "method_name": "ngram_acc",
    "parameter_range": {
        "n": "[1, 2, 3, 5, 7]",
        "theta": "optimized"
    },
    "CV_folds": 5,
    "CV_seed": 42,
    "best_log_entry": {
        "method": "ngram_acc",
        "parameter": {
            "n": 2
        },
        "global_threshold": 0.525,
        "median_threshold": 0.525,
        "mean_cvacc_train": 0.564286,
        "mean_cvacc_test": 0.5,
        "all_thresholds": [
            0.525,
            0.5,
            0.575,
            0.525,
            0.55
        ],
        "all_cvacc_train": [
            0.553571,
            0.571429,
            0.535714,
            0.553571,
            0.607143
        ],
        "all_cvacc_test": [
            0.571429,
            0.428571,
            0.571429,
            0.571429,
            0.357143
        ]
    },
    "all_log_entries": [
        {
            "method": "ngram_acc",
            "parameter": {
                "n": 1
            },
            "global_threshold": 0.7,
            "median_threshold": 0.7,
            "mean_cvacc_train": 0.553571,
            "mean_cvacc_test": 0.485714,
            "all_thresholds": [
                0.725,
                0.7,
                0.675,
                0.725,
                0.65
            ],
            "all_cvacc_train": [
                0.553571,
                0.535714,
                0.535714,
                0.571429,
                0.571429
            ],
            "all_cvacc_test": [
                0.5,
                0.571429,
                0.571429,
                0.428571,
                0.357143
            ]
        },
        {
            "method": "ngram_acc",
            "parameter": {
                "n": 2
            },
            "global_threshold": 0.525,
            "median_threshold": 0.525,
            "mean_cvacc_train": 0.564286,
            "mean_cvacc_test": 0.5,
            "all_thresholds": [
                0.525,
                0.5,
                0.575,
                0.525,
                0.55
            ],
            "all_cvacc_train": [
                0.553571,
                0.571429,
                0.535714,
                0.553571,
                0.607143
            ],
            "all_cvacc_test": [
                0.571429,
                0.428571,
                0.571429,
                0.571429,
                0.357143
            ]
        },
        {
            "method": "ngram_acc",
            "parameter": {
                "n": 3
            },
            "global_threshold": 0.0,
            "median_threshold": 0.15,
            "mean_cvacc_train": 0.507143,
            "mean_cvacc_test": 0.414286,
            "all_thresholds": [
                0.325,
                0.125,
                0.15,
                0.0,
                0.325
            ],
            "all_cvacc_train": [
                0.517857,
                0.482143,
                0.517857,
                0.5,
                0.517857
            ],
            "all_cvacc_test": [
                0.357143,
                0.5,
                0.357143,
                0.5,
                0.357143
            ]
        },
        {
            "method": "ngram_acc",
            "parameter": {
                "n": 5
            },
            "global_threshold": 0.225,
            "median_threshold": 0.225,
            "mean_cvacc_train": 0.535714,
            "mean_cvacc_test": 0.457143,
            "all_thresholds": [
                0.225,
                0.225,
                0.0,
                0.175,
                0.225
            ],
            "all_cvacc_train": [
                0.517857,
                0.535714,
                0.5,
                0.535714,
                0.589286
            ],
            "all_cvacc_test": [
                0.571429,
                0.5,
                0.5,
                0.428571,
                0.285714
            ]
        },
        {
            "method": "ngram_acc",
            "parameter": {
                "n": 7
            },
            "global_threshold": 0.1,
            "median_threshold": 0.075,
            "mean_cvacc_train": 0.535714,
            "mean_cvacc_test": 0.471429,
            "all_thresholds": [
                0.1,
                0.025,
                0.075,
                0.075,
                0.075
            ],
            "all_cvacc_train": [
                0.517857,
                0.517857,
                0.517857,
                0.571429,
                0.553571
            ],
            "all_cvacc_test": [
                0.571429,
                0.428571,
                0.571429,
                0.357143,
                0.428571
            ]
        }
    ]
}