{
    "model_id": "allenai/OLMo-2-1124-13B-Instruct",
    "data_set": "MathCONTA_train_full",
    "datetime": "2025-04-11T17:20:10.005229",
    "method_name": "ngram_loglike",
    "parameter_range": {
        "n": "[1, 2, 3, 5, 7]",
        "theta": "optimized"
    },
    "CV_folds": 5,
    "CV_seed": 42,
    "best_log_entry": {
        "method": "ngram_loglike",
        "parameter": {
            "n": 2
        },
        "global_threshold": -3.93914,
        "median_threshold": -3.93914,
        "mean_cvacc_train": 0.635714,
        "mean_cvacc_test": 0.6,
        "all_thresholds": [
            -3.537524,
            -3.93914,
            -3.93914,
            -3.93914,
            -3.537524
        ],
        "all_cvacc_train": [
            0.660714,
            0.642857,
            0.625,
            0.607143,
            0.642857
        ],
        "all_cvacc_test": [
            0.5,
            0.571429,
            0.642857,
            0.714286,
            0.571429
        ]
    },
    "all_log_entries": [
        {
            "method": "ngram_loglike",
            "parameter": {
                "n": 1
            },
            "global_threshold": -1.343926,
            "median_threshold": -1.343926,
            "mean_cvacc_train": 0.603571,
            "mean_cvacc_test": 0.514286,
            "all_thresholds": [
                -3.032955,
                -1.35027,
                -1.343926,
                -1.343926,
                -1.343926
            ],
            "all_cvacc_train": [
                0.571429,
                0.642857,
                0.642857,
                0.571429,
                0.589286
            ],
            "all_cvacc_test": [
                0.428571,
                0.357143,
                0.428571,
                0.714286,
                0.642857
            ]
        },
        {
            "method": "ngram_loglike",
            "parameter": {
                "n": 2
            },
            "global_threshold": -3.93914,
            "median_threshold": -3.93914,
            "mean_cvacc_train": 0.635714,
            "mean_cvacc_test": 0.6,
            "all_thresholds": [
                -3.537524,
                -3.93914,
                -3.93914,
                -3.93914,
                -3.537524
            ],
            "all_cvacc_train": [
                0.660714,
                0.642857,
                0.625,
                0.607143,
                0.642857
            ],
            "all_cvacc_test": [
                0.5,
                0.571429,
                0.642857,
                0.714286,
                0.571429
            ]
        },
        {
            "method": "ngram_loglike",
            "parameter": {
                "n": 3
            },
            "global_threshold": -5.688783,
            "median_threshold": -6.330332,
            "mean_cvacc_train": 0.592857,
            "mean_cvacc_test": 0.5,
            "all_thresholds": [
                -8.283949,
                -5.266266,
                -5.266266,
                -6.330332,
                -6.330332
            ],
            "all_cvacc_train": [
                0.553571,
                0.607143,
                0.642857,
                0.589286,
                0.571429
            ],
            "all_cvacc_test": [
                0.571429,
                0.5,
                0.357143,
                0.5,
                0.571429
            ]
        },
        {
            "method": "ngram_loglike",
            "parameter": {
                "n": 5
            },
            "global_threshold": -9.057603,
            "median_threshold": -9.002741,
            "mean_cvacc_train": 0.65,
            "mean_cvacc_test": 0.557143,
            "all_thresholds": [
                -9.002741,
                -7.394187,
                -9.571608,
                -9.057603,
                -8.858134
            ],
            "all_cvacc_train": [
                0.678571,
                0.660714,
                0.642857,
                0.642857,
                0.625
            ],
            "all_cvacc_test": [
                0.428571,
                0.428571,
                0.571429,
                0.642857,
                0.714286
            ]
        },
        {
            "method": "ngram_loglike",
            "parameter": {
                "n": 7
            },
            "global_threshold": -11.300602,
            "median_threshold": -11.300602,
            "mean_cvacc_train": 0.603571,
            "mean_cvacc_test": 0.542857,
            "all_thresholds": [
                -11.292237,
                -12.466805,
                -11.300602,
                -11.300602,
                -10.718263
            ],
            "all_cvacc_train": [
                0.589286,
                0.607143,
                0.607143,
                0.607143,
                0.607143
            ],
            "all_cvacc_test": [
                0.642857,
                0.428571,
                0.571429,
                0.571429,
                0.5
            ]
        }
    ]
}